0010c00002FRtCwAAL,https://www.arausol.de/kontakt,"Arau Technik GmbH Hanfwiesenstrasse 15 D - 73614 Schorndorf Tel. + 49(0) 7181 9220 0 Telefax +49 (0) 7181 9220 200 ... Tel. +49 (0) 39 932 8089 93 Telefax +49 (0) 39 932 8248 03 Email info@arausol.de. Unsere Offnungszeiten in Schorndorf, Deutschland sind: Montag - Freitag: 08:30 - 12:30 13:30 - 17:30 Uhr. ... Hanfwiesenstrasse 15 D ..."
0010c00002FRtCwAAL,https://firmeneintrag.creditreform.de/73614/7330898784/ARAU_TECHNIK_GMBH,"Arau Technik GmbH, Schorndorf | Handelsregister: Stuttgart, HRB 730010 | Firmenauskunft | Branche: Ingenieurburos fur technische Fachplanung und Ingenieurdesign ... E-Mail-Adresse anzeigen. www.arausol.de. Arau Technik GmbH. Hanfwiesenstr. 15 /1. 73614 Schorndorf. ... Arau Technik GmbH, Schorndorf, Hanfwiesenstrasse 15, 73614 Schorndorf. Die ..."
0010c00002FRtCwAAL,http://arau.biz/kontakt/kontakt.php,Arau Technik GmbH Hanfwiesenstrasse 15 73614 Schorndorf Telefon 0 71 81-92 20- 0 Telefax 0 71 81-92 20- 200 Email info@arau.de. Unsere Geschaftsbereiche >> ...
0010c00002FRtCwAAL,https://de.kompass.com/c/arau-technik-gmbh/de655048/,Baden-Wurttemberg ... / Arau Technik GmbH Arau Technik GmbH. Meine Firmendaten aktualisieren; Kontaktangaben: Arau Technik GmbH. Hanfwiesenstrasse 15 73614 Schorndorf. Deutschland. Firma anrufen. Firma anrufen. x---Service Anrufkosten * Diese Telefonnummer steht Ihnen fur 5 min zur Verfugung. ...
0010c00002FRtE2AAL,https://www.azo.com/en-de,28.03.2024. Brussels visits Osterburken. ... We have demonstrated its future viability as part of the Industry 4.0 Alliance competition organised by the state of Baden-Wurttemberg. to the article. AZO Worldwide. Contact persons worldwide. Contact search. Your contact to us. Any Questions? Contact us. AZO GmbH & Co. KGRosenberger Str. 28 74706 ...
0010c00002FRtE2AAL,https://www.azo.com/de-de/Kontakt,"AZO GmbH + Co. KG | Rosenberger Str. 28, 74706 Osterburken | Telefon: +49 6291 92 0 oder Email: azo-group@azo.com"
0010c00002FRtE2AAL,https://www.linkedin.com/company/azo-gmbh-co-kg,"Rosenberger Str. 28 Industriegebiet Ost ... Osterburken, Baden-Wurttemberg Coperion Machinery Manufacturing ... AZO GmbH + Co. KG | 4,872 followers on LinkedIn. We Love Ingredients. | AZO is the ..."
0010c00002FRtE2AAL,https://www.azo.com/de-de,Im Rahmen des Wettbewerbs Allianz Industrie 4.0 des Landes Baden-Wurttemberg haben wir unsere Zukunftsfahigkeit unter Beweis gestellt. ... AZO GmbH & Co. KGRosenberger Str. 28 74706 Osterburken +49 6291 92 0; azo-group@azo.com; Social Media Links. Footer Navigation. AGB; Datenschutzerklarung; Impressum; Sitemap; Cookie-Einstellungen andern ...
0010c00002FRtE2AAL,https://azoasia.com/azo-group.html,"AZO GmbH + Co. KG. Rosenberger Str. 28 74706 Osterburken Industriegebiet Ost Germany +49 6291 92 0 +49 6291 929 500 azo-solids@azo.com. AZO LIQUIDS GmbH. Otto-Lilienthal-Strasse 8, 79395 Neuenburg am Rhein Germany +49 7631 9739 0 +49 7631 9739 301 azo-liquids@azo.com liquids.azo.com. AZO N.V. Katwilgweg 15"
0010c00002FRtLaAAL,https://www.elumatec.com/de/start,"elumatec AG - Weltweit fuhrender Hersteller von Maschinen und Anlagen fur den Fenster- und Fassadenbau (Bereiche Alu und PVC), sowie fur die Bearbeitung von Strangpressprofilen der Industrie. ... elumatec AG - Pinacher Strasse 61 - 75417 Muhlacker - Deutschland - Telefon +49 7041-14 0 - Fax +49 7041-14 280 - mail@elumatec.com elumatec AG ..."
0010c00002FRtLaAAL,https://www.elumatec.com/index.php/en/contacts,Controller for processing personal data Your data is processed on behalf of elumatec AG Pinacher Strasse 61 75417 Muhlacker Controller and CEO Paolo Bianchi. Our data protection officer can be contacted via the postal address above or by e-mail at datenschutzbeauftragter@ ... elumatec AG - Pinacher Strasse 61 - 75417 Muhlacker - Germany ...
0010c00002FRtLaAAL,https://www.elumatec.com/de/kontakte,elumatec AG - Pinacher Strasse 61 - 75417 Muhlacker - Deutschland - Telefon +49 7041-14 0 - Fax +49 7041-14 280 - mail@elumatec.com elumatec AG infocenter - Lugwaldstrasse 20 - 75417 Muhlacker - Deutschland
0010c00002FRtLaAAL,https://www.dasoertliche.de/Themen/elumatec-AG-Mühlacker-Lomersheim-Pinacher-Str,"Foto hinzufugen. >>elumatec AG<< in 75417 Muhlacker-Lomersheim, Pinacher Str. 61 - Telefonnummer direkt gratis anrufen , Adresse im Stadtplan zeigen und Route berechnen und beste Bewertungen finden oder direkt bewerten."
0010c00002FRtO8AAL,https://www.foboha.com/en/foboha-2/locations-contacts,"FOBOHA (Germany) GmbH Im Muhlegrun 8 D-77716 Haslach, Deutschland Telefon +49 78 32 798 0 Fax +49 78 32 798 988 info@foboha.com. FOBOHA China, Suzhou. FOBOHA Molding Solutions (Jiangsu) Co. Ltd Building 42#, Hefeng Industrial Park No.2 Taishan Rd. 215129 Suzhou New District, Jiangsu, P.R.China Telefon +86 512 6690 1756 Fax +86 512 6690 1750 ..."
0010c00002FRtO8AAL,https://www.foboha.com/de/standorte-kontakte-haslach-germany,"FOBOHA Standorte und Kontakte Produktionsstandorte in Deutschland, China und USA FOBOHA Deutschland, Haslach. FOBOHA (Germany) GmbH Im Muhlegrun 8 D-77716 Haslach, Deutschland Telefon +49 78 32 798 0 Fax +49 78 32 798 988 info@foboha.com www.foboha.com. FOBOHA China, Suzhou FOBOHA USA, Lawrenceville (GA) >"
0010c00002FRtO8AAL,https://www.foboha.com/de/kontakt,"FOBOHA Deutschland, Haslach FOBOHA (Germany) GmbH Im Muhlegrun 8 D-77716 Haslach, Deutschland Telefon +49 78 32 798 0 Fax +49 78 32 798 988 info@foboha.com"
0010c00002FRtO8AAL,https://www.foboha.com/de/impressum,"FOBOHA (Germany) GmbH. Im Muhlegrun 8 D-77716 Haslach Germany Telefon +49 78 32 798 0 Fax +49 78 32 798 988 info@foboha.com. Handelsregister: Amtsgericht Freiburg HRB 68 01 50. Amtsgericht Freiburg HRB 680150 USt-Ident.-Nr. DE 8111 84691 Geschaftsfuhrer: Represented by: Daniel Vesper, Andreas Muller, Michael V. Kennedy"
0013000000qywdUAAQ,https://www.mapquest.com/us/texas/powell-electrical-systems-inc-351116647,"Get more information for Powell Electrical Systems, Inc in Houston, TX. See reviews, map, get the address, and find directions. Search MapQuest. Hotels. ... Open until 5:00 PM (713) 944-6900. Website. More. Directions Advertisement. 8550 Mosley Rd Houston, TX 77075 Open until 5:00 PM. ... Powell Electrical Systems is a subsidiary of Powell ..."
0013000000qywdUAAQ,https://www.powellind.com/contact,"Powell Sales/Service Center - Arizona. 18395 South 186th Way Queen Creek, Arizona 85142 Phone: 800.480.7273"
0013000000qywdUAAQ,https://www.zoominfo.com/c/powell-industries/96421528,"8550 Mosley Rd, Houston, Texas, 77075, United S... Website www.powellind.com. Revenue $766.5 Million. Stock Symbol ... View contact profiles from Powell Industries. ... Powell Industriess headquarters are located at 8550 Mosley Rd, Houston, Texas, 77075, United States What is Powell Industriess stock symbol?"
0013000000qywdUAAQ,https://www.yellowpages.com/houston-tx/mip/powell-industries-inc-534531097,"Phone: (713) 944-6900. Address: 8550 Mosley Rd, Houston, TX 77075. Website: https://powellind.com. Suggest an Edit. Get reviews, hours, directions, coupons and more for Powell Industries, Inc. Search for other Electric Equipment & Supplies-Wholesale & Manufacturers on The Real Yellow Pages(r)."
001a000001ZwF0NAAV,https://mayer.de/en/contact/,Mayer Holding GmbH & Co. KG Poststrasse 30 89520 Heidenheim Germany. Imprint. Data protection. GTC. ... Mayer GmbH & Co. KG Maschinenbau & Verwaltung Poststrasse 30 89522 Heidenheim Deutschland. Imprint. ... Mayer Holding GmbH & Co. KG Poststrasse 30 89522 Heidenheim Germany. Imprint. Data protection. GTC.
001a000001ZwF0NAAV,https://mayer.de/pflanztechnik/kontakt/,Mayer GmbH & Co. KG Maschinenbau & Verwaltung Poststrasse 30 89522 Heidenheim ... Datenschutz. AGB. Mayer GmbH & Co. KG Maschinenbau & Verwaltung Mayer auf Social Media. Wir beraten Sie gerne personlich! Sie haben Fragen zu unserem Leistungsumfang? ... +49 7321 9594 297; verkauf@mayer.de; Wir freuen uns auf Ihre Nachricht! Absenden. Impressum ...
001a000001ZwF0NAAV,https://mayer.de/,"Die Mayer gruppe. Als weltweit agierende Unternehmensgruppe bietet die Mayer Gruppe innovative Automatisierungslosungen fur den Erwerbsgartenbau, kosteneffiziente Lohnfertigung in der Dunnblechbearbeitung und dem Stahlbau, sowie kundenindividuelle Losungen in der Steuerungs- und Handhabungstechnik. Am Stammsitz in Heidenheim (Deutschland ..."
001a000001ZwF0NAAV,https://web2.cylex.de/firma-home/mayer-gmbh-_-co--kg-maschinenbau-u--verwaltung-10293567.html,"Mayer GmbH & Co. KG Maschinenbau u. Verwaltung Poststr. in Heidenheim an der Brenz Mergelstetten,  07321 95...,  Offnungszeiten, Anfahrtsplan, E-Mail und mehr. ... Mayer GmbH & Co. KG Maschinenbau u. Verwaltung . Der Unternehmenssitz befindet sich in 89522 HEIDENHEIM AN DER BRENZ, Poststr 30. Tatigkeit . Herstellung und Vertrieb von ..."
001a000001ZwF2vAAF,https://braun-baiersbronn.de/ueber-uns,Gottfried Braun GmbH Ochslestrasse 17 72270 Baiersbronn. T (0 74 42) 49 08-0 info@braun-baiersbronn.de www.braun-baiersbronn.de Offnungszeiten. Mo. - Fr. 09:00 - 12:00 Uhr und 13:00 - 17:00 Uhr jeden ersten Sonntag im Monat So. 13:00 - 17:00 Uhr
001a000001ZwF2vAAF,https://www.wasserwaermeluft.de/handwerkersuche/gottfried-braun-gmbh-72270-baiersbronn,Gottfried Braun GmbH. Ochslestr. 17 72270 Baiersbronn Routenplaner aufrufen. Telefon: +49 7442 4908-0 Fax: +49 7442 4908-71 E-Mail: info@braun-baiersbronn.de. Ansprechpartner: Benjamin Bukenberger.
001a000001ZwF2vAAF,https://www.wasserwaermeluft.de/webvisitenkarte/gottfried-braun-gmbh/,"Sanitar Heizung Klima: Ihr Fachmann fur Badmodernisierung, Badausstellung in Baiersbronn, Fachbetrieb barrierefreies Bad in Baiersbronn, ... Gottfried Braun GmbH. Ochslestr. 17. 72270 Baiersbronn. Baden-Wurttemberg. Unsere Fachgebiete & Leistungen."
001a000001ZwF2vAAF,https://www.11880.com/branchenbuch/baiersbronn/060692320B27699409/gottfried-braun-gmbh-heizungsbau.html,"Heizungsinstallation, Luftungsbau & Photovoltaik | Adresse |  Telefonnummer |  2 Bewertungen | Angebot anfordern | Ochslestr. 17 - 72270 Baiersbronn ...  2 Bewertungen | Angebot anfordern | Ochslestr. 17 - 72270 Baiersbronn. 11880.com. Gratis: Ihre Firma eintragen ... Hier finden Sie die Offnungszeiten von Gottfried Braun GmbH ..."
001a000001ZwFHOAA3,https://www.ekt-energie.ch/kontakt/,Die EKT Energie AG ist Ihre kompetente Ansprechpartnerin. ... EKT Energie AG Bahnhofstrasse 37 9320 Arbon. 071 440 66 30 E-Mail. Kontaktformular. Kontakt. Anrede * Frau Herr Vorname * Nachname * Firma Strasse / Nr * PLZ/ Ort * E-Mail * Telefon * Vertragsnummer Ihre Mitteilung ...
001a000001ZwFHOAA3,https://www.ekt.ch/kontakt/,"Im Jahr 1912 als <<Elektrizitatswerk des Kantons Thurgau>> gegrundet, arbeiten heute rund 145 Personen fur das erfolgreiche Thurgauer Unternehmen am Markt. ... EKT AG Bahnhofstrasse 37 9320 Arbon. 071 440 61 11 E-Mail. Werkhof. EKT AG Unteraustrasse 6 8583 Sulgen. 071 440 61 11 E-Mail. ... EKT-Gruppe. EKT Energie AG; Kierzek AG; Energie Pool ..."
001a000001ZwFHOAA3,https://search.ch/tel/arbon/bahnhofstrasse-37/ekt-ag,"Details von EKT AG in Arbon (Adresse, Telefonnummer, Storungsnummer, E-Mail) DE FR IT EN. Telefonbuch; Wetter; Karte / Route ... Bahnhofstrasse 37 9320 Arbon TG. Mehr; 071 440 61 11 * Termin buchen; Route; E-Mail * Bearbeiten; Kontakte. Telefon: ... ihre Herkunftsnachweise an die EKT Energie AG fur Thurgauer Naturstrom zu verkaufen, ..."
001a000001ZwFHOAA3,https://search.ch/tel/arbon/bahnhofstrasse-37/ekt-energie-ag,"Details von EKT Energie AG in Arbon (Adresse, Telefonnummer, E-Mail, Fax) DE FR IT EN. Telefonbuch ... Bahnhofstrasse 37 9320 Arbon TG. Mehr; 071 440 66 30 * Termin buchen; Route; E-Mail * ... Webseiten zum Eintrag. www. ekt-energie.ch/impressum Impressum | EKT Energie AG. Sie wollen von schweizweit fuhrenden Strom-Dienstleistungen profitieren ..."
001a000001ZwFHOAA3,https://www.ekt-energie.ch/,Sie wollen von schweizweit fuhrenden Strom-Dienstleistungen profitieren? Die EKT Energie AG ist Ihre kompetente Ansprechpartnerin.
0013000000qZCN0AAO,https://new.abb.com/ph/about-us/contact-us,"Medium Voltage: ph-abbcontactus@abb.com Low Voltage: ph-inquiryph@abb.com (2) Motors + Drives ph.motionsales@abb.com (3) Service To be updated ABB, Inc. Km. 20 West Service Road Barangay Marcelo Green, South Superhighway, 1700 Sucat, Paranaque City Telephone: +63 2 8821 7777 / +63 2 824 4581 Facsimile: +63 2 824 6616 / +63 22 8824 4642"
0013000000qZCN0AAO,https://new.abb.com/locations/map,"Asea Brown Boveri S.A. Boulevard des Nations Unies Impasse 2.165 ... Km. 20 West Service Road; Barangay Marcelo Green South Superhighway, Sucat 1700 Paranaque City NCR +63 2 821 7777 80 +63 2 824 6616; Power Grids(High Voltage)/Electrification Products(Medium Voltage) Barkhotskaya 1"
0013000000qZCN0AAO,https://new.abb.com/locations/map?v=71836&e=us,"Asea Brown Boveri SA de CV. Avenida Central 310 Parque Logistico ... Km. 20 West Service Road; Barangay Marcelo Green South Superhighway, Sucat 1700 Paranaque City NCR +63 2 821 7777 80 +63 2 824 6616; ABB AB. Kopparbergsvagen 2 Bnr 235 Visit address (ABB-Office)"
0013000000qZCN0AAO,https://www.yellow-pages.ph/business/asea-brown-boveri-incorporated,"Find contact information, products, services, photos, videos, branches, events, promos, jobs and maps for Asea Brown Boveri in Km 20 South Superhighway, Sucat, Paranaque City 1700 Metro Manila"
0013000000qZDI8AAO,https://maps.google.com.mx/,"Find local businesses, view maps and get driving directions in Google Maps."
0013000000qZDI8AAO,https://www.los-municipios.mx/municipio-dolores-hidalgo-cuna-de-la-independencia-nacional.html,"Direccion de la presidencia municipal de Dolores Hidalgo: Dolores Hidalgo Presidencia municipal de Dolores Hidalgo Plaza Principal # 1, Centro C.P. 37800 Dolores Hidalgo, Guanajuato Mexico Work +52 418 182 0801: Telefono de la presidencia municipal: 418 182 0801 Internacional: +52 418 182 0801: E-mail de la presidencia municipal"
0013000000qZDI8AAO,https://en.db-city.com/Mexico--Guanajuato--Dolores-Hidalgo-Cuna-de-la-Independencia-Nacional,"Dolores Hidalgo Postal address: Plaza Principal # 1, Centro C.P. 37800 Dolores Hidalgo, Guanajuato Mexico: Dolores Hidalgo Phone number: 418 182 0801 International: +52 418 182 0801: Dolores Hidalgo Email address [email protected] Dolores Hidalgo Website: www.doloreshidalgo.gob.mx : Other information: Municipios de Mexico : Dolores Hidalgo"
0013000000qZDI8AAO,https://www.tripadvisor.com.mx/Attraction_Review-g499412-d12642995-Reviews-Plaza_Principal_Jardin_del_Grande_Hidalgo-Dolores_Hidalgo_Central_Mexico_and_Gul.html,"Reserva Plaza Principal - Jardin del Grande Hidalgo, Dolores Hidalgo en Tripadvisor: Consulta 13 opiniones, articulos, y 18 fotos de Plaza Principal - Jardin del Grande Hidalgo, clasificada en Tripadvisor en el N.deg10 de 17 atracciones en Dolores Hidalgo."
0013000000qZDI8AAO,https://www.tripadvisor.com/Attraction_Review-g499412-d12642995-Reviews-Plaza_Principal_Jardin_del_Grande_Hidalgo-Dolores_Hidalgo_Central_Mexico_and_Gul.html,"Mar 2018 * Couples. The main plaza in Hidalgo is called the Great Hidalgo Plaza, and the 4 streets around the plaza are all called Main Street. Of the 8 other streets that enter and leave the plaza, going clock wise from the front of the church we have -- Queretaro, Guanajuato, Guerrero, Jalisco, Hidalgo, Michoacan, Zacatecas, and San Luis ..."
001a000001ZwFrSAAV,https://www.bizi.si/SINDIKAT-PODJETJA-ISKRATEL/,"SINDIKAT PODJETJA ISKRATEL, Ljubljanska cesta 24A, 4000 Kranj. Davcna in maticna stevilka, poslovni in financni podatki podjetja na poslovnem asistentu Bizi. ... Ljubljanska cesta 24A, Kranj, 4000 Kranj 04 2072299 krajnc@iskratel.si Vec kontaktov v TIS-u. ... Oglejte si podatke o prejetih sredstvih iz proracuna. Registriraj se brezplacno ..."
001a000001ZwFrSAAV,https://si.linkedin.com/company/sntiskratel,"Kranj, Gorenjska 9,794 followers S&T Iskratel, a company of Kontron Group, European provider of solutions for a safe, smart, and digitalised future. ... Ljubljanska cesta 24a Kranj, Gorenjska 4000, SI Get directions Employees at S&T Iskratel Uros Majcen Bojan Habjan Miran Lampe See all employees Updates S&T Iskratel ..."
001a000001ZwFrSAAV,https://pirs.si/page/5954223/sindikat-podjetja-iskratel-kranj/3ae48186-27af-4cef-9105-d96fca35e129,"SINDIKAT PODJETJA ISKRATEL, 4000 Kranj S 94.200, DEJAVNOST SINDIKATOV, 04 20... SINDIKAT PODJETJA ISKRATEL O podjetju. Telefon: 04 2072299. Elektronski naslov: krajnc@iskratel.si. Postna stevilka in kraj: 4000 Kranj. Naslov: Ljubljanska cesta 24 A. Upravna enota: Kranj. Obcina: Kranj. ID zavezanca za DDV: 91880041. Maticna stevilka ..."
001a000001ZwFrSAAV,https://si.kompass.com/c/sindikat-podjetja-iskratel-kranj/si5954223000/,"Elektrika, elektronika in optika; Energija in okolje; Gradbenistvo; IT, Internet, raziskave in razvoj; Izobrazevanje, usposabljanje in organizacije"
001a000001ZwFrSAAV,https://www.snt-iskratel.si/en/iskratel-and-st-slovenija-merge-to-form-st-iskratel/,"Your email address will not be published. Required fields are marked * Comment * Name * Email * Website. ... Ljubljanska cesta 24a 4000 Kranj, Slovenia Phone: +386 4 207 29 33, Fax: +386 1 5855 201 Email: info@snt-iskratel.si. Or submit a. request. Follow us. on social media ..."
0013000000qyfUTAAY,https://portal.servicios.pgr.gob.do/Contactos,"Ubicacion de nuestros Centros de Atencion al Ciudadano. Procuraduria General de la Republica. Inicio| Mapa del sitio | Contacto. Ave. Jimenez Moya esq. Juan Ventura Simo, Centro de los Heroes, Santo Domingo, Republica Dominicana. Tel.: 809-533-3522| Mesa de ayuda: ext. 133 / 1125 / 2001 / 2002 / 2004 / 2005 | Email: mesadeayuda@pgr.gob.do."
0013000000qyfUTAAY,https://portal.servicios.pgr.gob.do/Direcciones,"Procuraduria General de la Republica Inicio | Mapa del sitio | Contacto Ave. Jimenez Moya esq. Juan Ventura Simo, Centro de los Heroes, Santo Domingo, Republica Dominicana Tel.: 809-533-3522 | Mesa de ayuda: ext. 133 / 1125 / 2001 / 2002 / 2004 / 2005 | Email: mesadeayuda@pgr.gob.do"
0013000000qyfUTAAY,https://pgr.gob.do/contactos-2/,"Ave. Jimenez Moya esq. Juan Ventura Simo, Palacio de Justicia, Centro de los Heroes, Constanza, Maimon y Estero Hondo. Direccion Internet: pgr.gob.do. Horario: 8:30 AM. hasta las 4:30 PM de lunes a viernes. Telefono: 809-533-3522 809-533-2250. Fax: 809-532-2584. Correo electronico: info@pgr.gob.do"
0013000000qyfUTAAY,https://transparencia.pgr.gob.do/contactosRai,"Correo: oai@pgr.gob.do Ubicacion: Av. Enrique Jimenez Moya, esquina calle Juan de Dios Ventura Simo, Centro de los Heroes, Santo Domingo de Guzman, Distrito Nacional, Republica Dominicana Horario: 8:00 a.m. a 4:30 p.m. Onorina A. Metz Galan Encargada Oficina de Acceso a la Informacion de la Procuraduria General de la Republica"
0013000000qyfUTAAY,https://pgr.gob.do/,Fotos y videos destacados. Procuradora Miriam German Brito destaca avance del Ministerio Publico en acto de rendicion de cuentas del ano 2022. Magistrada Miriam German Brito: Un integrante del Ministerio Publico no puede darse el lujo de ser irresponsable o cobarde. La procuradora general de la Republica hizo la afirmacion al conversar ...
0013000000qyvTQAAY,https://indokontraktor.com/business/pt-jaya-kencana,JAYA KENCANA adalah kontraktor berpengalaman yang mengerjakan proyek nasional. PT. JAYA KENCANA yang beralamat di Jl. Salemba Raya No.61 Kota Jakarta Pusat. PT. JAYA KENCANA saat ini memiliki kualifikasi M1. PT. JAYA KENCANA dapat mengerjakan proyek-proyek dengan sub klasifikasi: EL001 Jasa Pelaksana Konstruksi Instalasi Pembangkit Tenaga ...
0013000000qyvTQAAY,https://www.jayakencana.com/sigma-elevator-and-escalator/contact-us,"Jl. Salemba Raya No.61 Jakarta - DKI Jakarta Indonesia - 10440. Phone (021) 390 8501. Mail Us info@jayakencana.com. ... PT Jaya Kencana merupakan perusahaan yang bergerak di bidang kontraktor Mekanikal dan Elektrikal yang didirikan pada tahun 1965, ... Jl. Salemba Raya No.61 Jakarta - Indonesia 10440 (021) 390 8501 (021) 390 8510 ."
0013000000qyvTQAAY,https://www.jayakencana.com/sigma-elevator-and-escalator/about,PT Jaya Kencana now has the largest elevators and Escalators market share in Indonesia. ... Jl. Salemba Raya No.61 Jakarta - Indonesia 10440 (021) 390 8501 (021) 390 8510 . info@jayakencana.com. ... 603 4706 . Jawa Tengah. Majapahit Indah Jl. Majapahit Ruko No. 7 - Semarang (024) 671 1707. Jawa Timur. Rungkut Industri I No. 9 - Surabaya (031 ...
0013000000qyvTQAAY,https://yellowpagesid.com/business/pt-jaya-kencana-mechanical-electrical-contractors-indonesia-dq29w,"Pusat Alat Bantu Dengar Melawai - Salemba, Jakarta . 46m : Jl. Salemba Raya No.57-59, RT.9/RW.5, Paseban, Kec. Senen, Kota Jakarta Pusat, Daerah Khusus Ibukota Jakarta 10340, Indonesia. Hearing aid store Hearing aid repair service"
0013000000qywOOAAY,https://worldscientific.com/page/contactus,"When requesting catalogues and brochures please specify the subject(s) you are interested in. Authors who wish to submit book proposals should contact either the Singapore, London or New Jersey offices. SINGAPORE World Scientific Publishing Co Pte Ltd 5 Toh Tuck Link, Singapore 596224 Tel: 65-6466-5775 Fax: 65-6467-7667"
0013000000qywOOAAY,https://www.streetdirectory.com/sg/world-scientific-publishing-centre/5-toh-tuck-link-596224/9941_108086.html,"Keep Your Car Safe in Spore & Msia With real-time 24hrs tracking & sms alert. Free 3 days trial available ! World Scientific Publishing Centre is a Commercial Building in Singapore. Located at Toh Tuck Link Road in the Jurong East District. World Scientific Publishing Co , Stallion Press (S) and others business are inside World Scientific ..."
0013000000qywOOAAY,https://opengovsg.com/corporate/198004665C,"WORLD SCIENTIFIC PUBLISHING CO PTE LTD (UEN ID 198004665C) is a corporate entity registered with Accounting and Corporate Regulatory Authority. The incorporation date is December 12, 1980. The entity status is Live Company. The address is 5 Toh Tuck Link, Singapore 596224."
0013000000qywOOAAY,https://sg.linkedin.com/company/world-scientific-publishing,"World Scientific Publishing | 8,237 followers on LinkedIn. Connecting Great Minds | World Scientific Publishing Company was established in 1981 with only five employees in a tiny office. Today, the company employs more than 200 staff at its headquarters in Singapore, and has offices in New Jersey, London, Hong Kong, Taipei, Chennai, Beijing and Shanghai. In less than three decades, it has ..."
0013000000qywOOAAY,https://www.asiabiotech.com/contact-us/,"World Scientific Publishing Co. Pte. Ltd. 5 Toh Tuck Link, Singapore 596224 Tel: 65-6466-5775 Fax: 65-6467-7667 >> For Editorial Enquiries: biotech_edit@wspc.com or Ms Carmen Chan >> For Subscription..."
0013000000qz582AAA,https://www.gm.com.mx/es/home.html/,General Motors de Mexico
0013000000qz582AAA,https://www.gm.com.mx/es/home/company/contact-us.html/,Informacion de contacto sobre las marcas de GM Mexico . Contactanos ?Preguntas? Te podemos ayudar. Contacta a nuestras marcas. VISITA CHEVROLET.COM.MX. VISITA BUICK.COM.MX. VISITA GMC.COM.MX. VISITA CADILLAC.COM.MX. Accesos rapidos para clientes. Soporte OnStar ?En que mas te podemos ayudar? Etica y Gobierno Corporativo
0013000000qz582AAA,https://gmauthority.com/blog/gm/gm-facilities/gm-mexico-facilities/gm-mexico-headquarters/,"General Motors Mexico headquarters are currently located in Mexico City. Address: Avenida Ejercito Nacional 843, Granada, 11520 Miguel Hidalgo, CDMX, Mexico Telephone: + 52 55 5901 3156"
0013000000qz582AAA,https://en.wikipedia.org/wiki/General_Motors_de_México,"Website. gm.com.mx. General Motors de Mexico S.A. de C.V. is the Mexican subsidiary of the US-based company General Motors. Currently in Mexico, it is one of the largest production plants of the United States conglomerate outside its territory. It has 4 production plants, two storage facilities and a wide network of concessionaires throughout ..."
001a000001ZwG3XAAV,https://www.prolan.hu/en/oldal/about,"Prolan Iranyitastechnikai Zartkoruen Mukodo Reszvenytarsasag (Prolan Process Control Co.) Short name: Prolan Zrt. Phone: +36 20 954 3100. Fax: +36 26 540 420. Registry number: 13-10-040721. Official seat: Hungary, H-2011 Budakalasz, Szentendrei ut 1-3. Statistical number: 123518-46-7112-114-13. TEAOR code: 7112 - Engineering ..."
001a000001ZwG3XAAV,https://www.prolan.hu/hu/oldal/kapcsolat,"Kapcsolat. Prolan Iranyitastechnikai Zrt. Prolan Cegcsoport. Titkarsag: +36 20 954 3100. E-mail: info@prolan.hu. Cim: H-2011 Budakalasz, Szentendrei ut 1-3. Megkozelites: Tomegkozlekedessel: H5-os HEV Lenfonogyar-Budakalasz megallojanal, autoval: 11-es ut Luppa sziget/Budakalasz lehajtojanal, Budakalasz fele ..."
001a000001ZwG3XAAV,https://opencorpdata.com/lei/984500591PFDH57A0977,"Prolan Iranyitastechnikai Zartkoruen Mukodo Reszvenytarsasag (LEI# 984500591PFDH57A0977) is a legal entity registered with Ubisecure Oy. The address is Szentendrei ut 1-3, Budakalasz, 2011, HU. Toggle navigation open corp data. Jurisdiction. Australia; Canada; France; Japan / Ri Ben  ... Szentendrei ut 1-3, Budakalasz, 2011, HU."
001a000001ZwG3XAAV,https://hu.wikipedia.org/wiki/Prolan_Irányítástechnikai_Zrt.,"2011 Budakalasz, Szentendrei ut 1-3. Cim: 2011 Budakalasz, Szentendrei ut 1-3. ... Varga Peter Csikos Peter: Iparag: Vasut-automatizalas Energiamenedzsment: Forma: Zartkoruen Mukodo Reszvenytarsasag: Termekek: Prolan megoldasok: Magyar cegjegyzekszam: 13-10-040721 ... A Prolan Iranyitastechnikai Zrt. a vasut ..."
001a000001ZwG3XAAV,https://prolan.hrfelho.hu/ugyfelszolgalat,"Kapcsolat. PROLAN Iranyitastechnikai Zrt. PROLAN Cegcsoport. Telefon.: +36 20 954 3100 Fax: +36 26 540 420 E-mail: info@prolan.hu. Cim: H-2011 Budakalasz, Szentendrei ut 1-3. Megkozelites: Tomegkozlekedessel: H5-os HEV Lenfonogyar-Budakalasz megallojanal, autoval: 11-es ut Luppa sziget/Budakalasz lehajtojanal ..."
0013x00002LM2qwAAD,https://rivian.com/support/article/where-are-your-headquarters,"Rivian is headquartered in Irvine, CA. Rivian is headquartered in Irvine, CA. Skip To Main. Want to see what were up to? ... Visit us. Products. Vehicles. About our vehicles. Features and functionality. Battery and range. Driver + Specifications. General specifications. Off-road performance. Storage. Gear Shop. Orders and returns. Adventure ..."
0013x00002LM2qwAAD,https://www.mapquest.com/us/california/rivian-automotive-inc-430716304,"Get more information for Rivian Automotive, Inc in Irvine, CA. See reviews, map, get the address, and find directions. Search MapQuest. Hotels. ... Rivian Automotive, Inc (714) 544-1065. Website. More. Directions Advertisement. 14600 Myford Rd Irvine, CA 92606 Hours (714) 544-1065 https://rivian.com ."
0013x00002LM2qwAAD,https://craft.co/rivian-automotive/locations,"Rivian Automotive is headquartered in Irvine, 14600 Myford Rd, United States, and has 9 office locations."
0013x00002LM2qwAAD,https://finance.yahoo.com/quote/RIVN/profile/,"Rivian Automotive, Inc. 14600 Myford Road Irvine, CA 92606 United States 888 748 4261 https://www.rivian.com Sector(s) : Consumer Cyclical Industry : Auto Manufacturers Full Time Employees : 16,790"
0013x00002Pm8WnAAJ,https://finde-offen.de/gäufelden/dominik-kegler-2809628,"Offnungszeiten von Dominik Kegler in Zeisigweg 18, 71126, Gaufelden Deutschland inklusive Kontaktdaten wie Adresse, Telefonnummer, Webseite, ... Startseite ; Dominik Kegler; Schliesst in 8 h 6 min. Dominik Kegler Offnungszeiten. Aktualisiert am 27.11.2023 +49 7032 956050. Anrufen: +497032956050. Routenplanung . Dominik Kegler Offnungszeiten ..."
0013x00002Pm8WnAAJ,https://web2.cylex.de/firma-home/dominik-kegler-8038140.html,"Dominik Kegler Zeisigweg 18 in Gaufelden Oschelbronn,  Telefon 07032/956050 mit  Offnungszeiten und Anfahrtsplan. Dominik Kegler in Gaufelden Oschelbronn, Baden-Wurttemberg, Betriebe, Dienstleistungsunternehmen und Strasse: Zeisigweg 18 ... 71126 Gaufelden - Oschelbronn. Baden-Wurttemberg."
0013x00002Pm8WnAAJ,https://www.misterwhat.de/company/1260801-dkedv-systeme-kegler-gaeufelden,"DKEDV Systeme Kegler in Gaufelden 71126 - Firmenprofil, Telefonnummer, Adresse ... Toggle Search Toggle navigation. Anmelden Registrieren. Baden-Wurttemberg; Boblingen; Gaufelden; EDV; DKEDV Systeme Kegler - Gaufelden. DKEDV Systeme Kegler. Adresse: Zeisigweg 18. PLZ: 71126. Stadt/Gemeinde: Gaufelden (Boblingen) Kontaktdaten: 07032 9 56 ..."
0013x00002Pm8WnAAJ,https://www.bundes-telefonbuch.de/gaeufelden/it/dkedv-systeme-kegler-bvg128306938,"DKEDV Systeme Kegler Zeisigweg 18 71126 Gaufelden. Schliessen. Adresse: Zeisigweg 18 71126 Gaufelden. Telefonnummer (07032) 95605-0: Eingetragen seit: 14.12.2012: Aktualisiert am: 14.12.2012, 22:30: Ihr Eintrag? Jetzt Freimonat fur Digitalpaket sichern ..."
001a000001ZwH0qAAF,http://www.cefodife.difesa.it/sgd-dna/staff/dg/persociv/,"La sede e a Roma presso il comprensorio denominato Palazzo Aeronautica, Viale dellUniversita, 4. Il pubblico puo essere ricevuto dagli Uffici previo appuntamento, utilizzando i seguenti contatti istituzionali: email certificata persociv@postacert.difesa.it . email istituzionale persociv@persociv.difesa.it."
001a000001ZwH0qAAF,https://www.difesa.it/sgd-dna/staff/dg/reparti/i/uffcollocamentocongedati/contatti/32977.html,"Sede centrale. Nuova sede dellUfficio (dal 7 luglio 2016): Palazzo E.S.T.O. - Viale dellUniversita, 4 - 00185 - Roma. Indirizzo postale al quale inviare tutte le comunicazioni: Segredifesa - I Reparto - 3deg Ufficio - Via di Centocelle, 301 - 00175 - Roma. Indirizzo di posta elettronica dellUfficio: sgd@sgd.difesa.it. Indirizzo di posta ..."
001a000001ZwH0qAAF,https://www.difesa.it/protocollo/aoo-difesa/aeronautica/arm094/35087.html,"Servizio di Protocollo attivo dal 02-09-2019. Indirizzo: Viale dellUniversita, 4 - 00185 Roma Ente di Appartenenza: n.a. Codice Interno dellAOO: ARM094 Codice Univoco dellAOO: AE7F010 Responsabile del Servizio: Tenente Colonnello Valerio Iacuelli Telefono: 06-49865006 Fax: 06-49864329 E-mail istituzionale: aerodintroma@aeronautica.difesa.it"
001a000001ZwH0qAAF,http://www.jaos.difesa.it/sgd-dna/infocom/contatti/30759.html,"Viale dellUniversita, 4 - 00185 Roma e-mail: urp@teledife.difesa.it . Direzione dei Lavori e del Demanio - Ufficio Relazioni con il Pubblico Piazza della Marina, 4 - 00196 Roma Tel.: 0636806173 e-mail: g-urp@geniodife.difesa.it Apertura al pubblico: dal lunedi al venerdi dalle 09:00 alle 12:00 il martedi e il giovedi pomeriggio dalle 14 ..."
001a000001ZwH0qAAF,https://www.difesa.it/contatti/index.html,"Ministero della Difesa. Palazzo Baracchini. Via XX Settembre 8 - 00187 Roma. Tel. (+39) 06- 469150000 ... Palazzo Esercito. Via XX Settembre 123/A - 00187 Roma. Tel. (+39) 06-4691.1. Sito internet: www.smd.difesa.it Segretariato Generale della Difesa / Direzione Nazionale degli Armamenti. Palazzo Guidoni. Via di Centocelle, 301 - 00175 Roma."
001a000001ZwH3AAAV,https://www.tattile.com/contact/,"Via Gaetano Donizetti, 1 25030 Mairano (Brescia) Italy +39 030 97000 +39 030 97001; P. IVA: 03463200984 ... Your e-mail address is only used to send you our newsletter and information about the activities of Tattile: machine vision systems & AI software for ANPR, ALPR cameras. ... Tattile S.r.l. Via Gaetano Donizetti, 1 25030 Mairano (Brescia ..."
001a000001ZwH3AAAV,https://www.tattile.com/,"Tattile S.r.l. Via Gaetano Donizetti, 1 25030 Mairano (Brescia) Italy. Phone +39 030 97000 Fax +39 030 97001. Management and coordination ex art. 2497 c.c.: TKH Group N.V. E-mail.: infomobility@tattile.com. Commercial Office North America: 125 Commerce Court, Unit 11 06410 Cheshire, CT - USA."
001a000001ZwH3AAAV,https://www.linkedin.com/company/tattile-srl,"Via Gaetano Donizetti 1-3-5 Mairano, (BS) 25030, IT Get directions ... presso Tattile srl 1mo JOB ALERT: Sei interessato allanalisi traffico? ... 1-3-5 Mairano, (BS) 25030, IT"
001a000001ZwH3AAAV,https://www.parking.net/parking-industry/tattile-srl,"Tattile SRL Visiting address. Via Gaetano Donizetti 1 ... Postal address. Via Gaetano Donizetti 1. Mairano, 25030. Italy. Contact. Tel +39 309 7000. Fax +39 309 7001. Company info Company information. ... Headquarters location Via Gaetano Donizetti 1 25030 Mairano Italy. Some facts Founded in 1988 Founded by. Currently owned by: TKH Group."
001a000001ZwLD3AAN,https://new.abb.com/locations/map,"Stierstaedter Strasse 5 60488 Frankfurt am Main Hessen +49 69 7930 40 +49 69 79304 4100; ABB (China) Ltd Dalian Branch. 17F, Shenmao Building 147 Zhongshan Road, Xigang District 116011 Dalian Liaoning +86 411 8899 3355 +86 411 8899 3359; ABB AG. Lagerhausstrasse 30 5071 Wals-Siezenheim Salzburg +43 662 850150 0 +43 662 850150 6548 ..."
001a000001ZwLD3AAN,https://new.abb.com/locations/map?v=9AAC910019,"Stierstaedter Strasse 5 60488 Frankfurt am Main Hessen +49 69 7930 40 +49 69 79304 4100; ABB S.p.A. Via Ardeatina 2491 00040 Santa Palomba Roma. ABB Engineering (Shanghai) Ltd. 10 Jiuxianqiao Avenue ABB Tower, Universal Plaza 100015 Beijing Beijing +86 10 8456 6688 +86 10 8456 7628; ABB Inc. 12808 West Airport Boulevard 77478 Sugar Land Texas ..."
001a000001ZwLD3AAN,https://new.abb.com/de,"ABB in Deutschland. ABB ist ein fuhrendes Technologieunternehmen in den Bereichen Elektrifizierung und Automation, das eine nachhaltigere und ressourceneffizientere Zukunft ermoglicht. Die Losungen des Unternehmens verbinden technische Expertise mit Software, um die Art und Weise, wie etwas hergestellt, bewegt, angetrieben und betrieben wird ..."
001a000001ZwLD3AAN,https://new.abb.com/de/ueber-uns/standorte,Mannheim ist Hauptsitz von ABB Deutschland. Die deutsche Landesgesellschaft des Technologiekonzerns wird von hier aus gesteuert. Kallstadter Str. 1. 68309 Mannheim. Tel.: +49 621 4381-0. Fax +49 621 4381-390.
001a000001ZwLD3AAN,https://search.abb.com/library/Download.aspx?DocumentID=LFT/How to reach ABB Frankfurt-EN&DocumentPartId=,Frankfurt ABB Automation GmbH Stierstadter Strasse 5 60488 Frankfurt am Main Main entrance Visitor parking Metro station Phone: +49 (0)69 7930 4666 Public transport Underground (U-Bahn): At Frankfurt main station (Hauptbahnhof Hbf) take the urban railway (S-Bahn) as far as Hauptwache. Change to subway
001a000001ZwHJyAAN,https://bolletta-energia.it/utenze/guida/distributore/unareti,"Via Balduccio da Pisa, 15 (20139) Milano: 02.7720.3522 [email protected] Ti ricordiamo, poi, di consultare il pdf relativo al trattamento dei dati personali da parte di Unareti SpA. Il documento lo puoi trovare sul sito di Unareti sotto la sezione Reclami e informazioni - Informativa sul trattamento dei dati personali - pdf."
001a000001ZwHJyAAN,https://www.facile.it/energia-luce-gas/guida/unareti-numero-verde-e-assistenza-luce-e-gas.html,"Unareti SPA e una societa che offre servizi di distribuzione di energia elettrica e gas. ... Gestione Reclami - Via Balduccio da Pisa, 15 - 20139 Milano. Lindirizzo di posta elettronica specifico per i reclami, invece, e reclami.reti@unareti.it mentre il numero di fax e 02.7720.3522."
001a000001ZwHJyAAN,https://selectra.net/energia/distributori/unareti,"Per Milano e Provincia [email protected] Fax: 02 7720 6987. Per altre province [email protected] Fax: 030 20 57 355. Posta ordinaria: Unareti S.p.A. Via Balduccio da Pisa, 15 20139 Milano. Richiesta connessione Luce. Richiesta di forniture temporanee per attivita come cantieri o manifestazioni. Per avere informazioni Numero Verde 800 030 103"
001a000001ZwHJyAAN,https://www.unareti.it/it/home,Contattaci via Whatsapp o Telegram. Telegram: @unareti_bot Whatsapp o SMS: 339 995 84 63. Chiama il Numero Verde attivo h24 per Milano e provincia. Unareti numero verde: 800 933 301. Verifica le interruzioni online. Inserisci il codice POD o lindirizzo di fornitura per sapere subito se sono in corso interruzioni e i tempi di ripristino.
001a000001ZwHJyAAN,https://fornitori-luce.it/filiera/guida/mercato/unareti,"Ecco i Contatti di Unareti Milano: Indirizzo Unareti Milano - Info Commerciali e Reclami, scrivi a Via Balduccio da Pisa 15 - 20139 Milano; Numero Unareti Milano - Info Commerciali e Reclami, chiama l800.030.103; Unareti: Come fare Login allArea Clienti. Puoi accedere allArea Clienti di Unareti, facendo Login al Portale Clienti Finali, che"
001a000001ZwHK5AAN,https://atam.it/en/contacts,"Below are the addresses to visit or contact us. Via Archimede 7, 20864. Agrate Brianza (MB) Italy. Phone 39 039 607461. Fax 39 039 6074643. E-mail info@atam.it. View the map. Call. You can contact the company directly using the form alongside."
001a000001ZwHK5AAN,https://atam.it/it/contatti,"Via Archimede 7, 20864. Agrate Brianza (MB) Italia. Tel. 39 039 607461. Fax 39 039 6074643. E-mail info@atam.it. Vedi la mappa. Chiama. Utilizzando il form qui a fianco potrete mettervi in contatto diretto con lazienda. Sara nostra cura indirizzare la vostra richiesta alla sezione di competenza e soddisfarla nel minor tempo possibile."
001a000001ZwHK5AAN,https://atam.it/it/Headquarter,"ATAM S.p.A ha sede in Via Archimede 7 - 20864 Agrate Brianza (MB) Italia / Sede legale: Milano Cap. Soc. EUR 135.200,00 int.ver. / Rea ndeg 1322070 R.I. - C.F. - P.I. 09868530156 / Credits: website studioforward.it - photography Gianmarco Grimaldi, Guido Barbagelata / Contattaci al +39 039.607461 Oppure inviaci una mail a info@atam.it / Social ..."
001a000001ZwHK5AAN,https://atam.it/en/headquarter,"ATAM S.p.A has its operational headquarters in Via Archimede 7 - 20864 Agrate Brianza (MB) Italy / Registered office: Milan Share Cap. EUR 135.200,00 fully paid / Rea ndeg 1322070 R.I. - C.F. - P.I. 09868530156 / Credits: website studioforward.it - photography Gianmarco Grimaldi, Guido Barbagelata / Contact us at +39 039.607461 Or send us an ..."
001a000001ZwHKyAAN,https://www.radicigroup.com/it/radici-connect/world-wide/fibres-and-nw?Country=Italy,"RadiciFil SpA. Italy - Casnigo (BG) IT - 24020 - Via Europa, 41 ... potranno essere esercitati mediante invio di semplice comunicazione scritta da indirizzarsi a Radici Partecipazioni SpA con sede in Via Verdi, 11 - 24121 Bergamo ovvero all ... 24020 - Via Europa, 41 Radici Novacips SpA Italy, Chignolo dIsola (BG) IT - 24040 - Localita ..."
001a000001ZwHKyAAN,https://www.radicigroup.com/en/radici-connect/world-wide/fibres-and-nw?Country=Italy,"RadiciFil SpA. Italy - Casnigo (BG) IT - 24020 - Via Europa, 41 ... Radici Partecipazioni S.p.A., having its registered office at Via Verdi, 11 - 24121 Bergamo or to the email address: ... 24020 - Via Europa, 41 Radici Novacips SpA Italy, Chignolo dIsola (BG) IT - 24040 - Localita Bedeschi, 20 Radici Novacips SpA Italy, Villa dOgna (BG ..."
001a000001ZwHKyAAN,https://www.paginebianche.it/casnigo/radicifil.4034523,"Radicifil S.p.a. si trova in Via Europa, 41 - 24020 Casnigo (BG) Come posso contattare al telefono Radicifil S.p.a.? Il numero di telefono verificato e 035 736000. Come raggiungere Radicifil S.p.a.? Puoi raggiungere Radicifil S.p.a. utilizzando la mappa ufficiale di Pagine Bianche. I servizi Libero.it su misura per te! ..."
001a000001ZwHKyAAN,https://www.linkedin.com/company/radicifil-spa,"41 Via Europa Casnigo, Lombardy 24020, IT ... Cazzano SantAndrea, Bergamo MIPU srl IT Services and IT Consulting ... RADICIFIL SPA | 105 followers on LinkedIn."
001a000001ZwHfFAAV,https://www.siver-srl.com/,"Sistemi di verniciatura. 075 506 8008. Home; Prodotti. CABINE. Cabine automatiche Silver Booth; ... Pistole Siver; SISTEMA DI LETTURA DINAMICO. Sistema con Posizionatori Dynamic Contouring 3D; ... Via S. di Giacomo, 30 06073 Corciano (PG) Italy; Telefono +39 075 506 8008; Canale YouTube;"
001a000001ZwHfFAAV,https://opencorpdata.com/lei/815600483719FFAD5064,"address: VIA SALVATORE DI GIACOMO, 30 TAVERNE, Corciano, IT-PG, 06073, IT SISTEMI DI VERNICIATURA S.R.L. - IN BREVE: SIVER S.R.L. (LEI# 815600483719FFAD5064) is a legal entity registered with INFOCAMERE - SOCIETA CONSORTILE DI INFORMATICA DELLE CAMERE DI COMMERCIO ITALIANE PER AZIONI ."
001a000001ZwHfFAAV,https://reportazienda.it/aziende/PG/sistemi-di-verniciatura-srl-in-breve-siver-srl-206808,"La sua forma giuridica e Societa a responsabilita limitata e la sua sede legale si trova in VIA SALVATORE DI GIACOMO 30 - 06073 CORCIANO, in provincia di PG. SISTEMI DI VERNICIATURA S.R.L. - IN BREVE: SIVER S.R.L. ha raggiunto un fatturato nel 2021 di EUR e nel 2022 di EUR con una differenza di EUR"
001a000001ZwHfFAAV,https://www.linkedin.com/company/sistemi-di-verniciatura-srl,"SIVER S.R.L. | 97 followers on LinkedIn. Tecnologia superiore, efficiente e produttiva | Sistemi di verniciatura, in breve Siver, e una societa costituita nel 1998 che trova le origini nel 1966 ..."
001a000001ZwK1vAAF,https://www.famo24.de/unternehmen/standorte/,FAMO Itzehoe. Ottensstrasse 2 25524 Itzehoe. 04821 83916 04821 85471 itzehoe@famo24.de. Fr. 7:00-13:00 Uhr. Burozeiten Mo.- ... FAMO Schaltanlagen GmbH. Niedersachsenstrasse 6 48465 Schuttorf. 05923 90233-0 05923 90233-33 info@famo-schaltanlagen.de - Keine Offnungszeiten - FAMO Seevetal.
001a000001ZwK1vAAF,https://www.famo24.de/,"Als Grosshandel fur Elektro- und Sanitarartikel ist FAMO mit 24 Standorten und ca. 570 Mitarbeitern im Norden und Westen Deutschlands seit Jahrzehnten erfolgreich am Markt aktiv. Als zuverlassiger Partner und Dienstleister des Handwerks, des Handels und der Industrie stehen wir fur zufriedene Kunden, guten Service und fachkundige Beratung."
001a000001ZwK1vAAF,https://branchenbuch.meinestadt.de/itzehoe/company/9676273,FAMO GmbH & Co. KG. Ottensstr. 2. 25524 Itzehoe. Anfahrt mit der Deutschen Bahn. Keine Offnungszeiten angegeben. 04821 83916. Keine Faxnummer angegeben. Firmenhomepage. Keine E-Mail Adresse angegeben.
001a000001ZwK1vAAF,https://www.famo.de/,"Bei uns sind Sie richtig. Ob Sie als Handler oder Werkstatt Teile in hoherer Stuckzahl benotigen, oder als Privatkunde nur ein einziges Teil - in jedem Fall ist die FaMo GmbH immer der richtige Ansprechpartner fur Sie. Und auch wenn es um ganz spezielle Teile oder besondere Anforderungen geht, helfen wir Ihnen gern weiter und finden die ..."
001a000001ZwK1vAAF,https://www.famo.de/ueber-uns/standorte/,(c) Fahrzeug- und Motorenteile GmbH 2014. Impressum; Sitemap; AGB; Datenschutz
