0013x00002Ml9i3AAB,https://www.mc-mc.com/LocationFinder,"McNaughton-McKay Skip to main content. Contact: (844) 687-6262 Chat Locations. ... About Us. McNaughton-McKay. Georgia. Michigan. North Carolina. Ohio. South Carolina. Affiliated Companies. The Reynolds Company. Caniff Electric Supply. Flow-Zone. S&D - Germany. CONTACT US. 1357 E. Lincoln Avenue Madison Heights, MI 48071. 844-687-6262. Contact ..."
0013x00002Ml9i3AAB,https://www.mc-mc.com/,"McNaughton-McKay Electric Company is a wholesale electrical distributor serving markets in Michigan, Ohio, Georgia, North Carolina and South Carolina. We offer a full line of products ranging from pipe and wire to complex automation control systems for everyone from small electrical contractors to large scale manufacturers."
0013x00002Ml9i3AAB,https://opencorporates.com/companies/us_nc/0144632,"Free and open company data on North Carolina (US) company McNaughton-McKay Southeast, Inc. (company number 0144632), 2745 Whitehall Park Dr Ste B, Charlotte, NC, 28273 Changes to our website -- to find out why access to some data now requires a login, click here"
0013x00002Pm50pAAB,https://www.stadtlindau.de/Quicknavigation/Impressum,Stadt Lindau (Bodensee) Hausanschrift: Bregenzer Strasse 4 - 12 88131 Lindau (B) Postanschrift: Postfach 1780 88107 Lindau (B) ... Dr. Claudia Alfons Bregenzer Strasse 6 88131 Lindau (B) Telefon: +49 8382 918-0 Telefax: +49 8382 918-290 stadtverwaltung@lindau.de www.stadtlindau.de. Umsatzsteueridentifikation: UST-ID-Nr. DE814526215. Bankverbindung:
0013x00002Pm50pAAB,https://www.bayernportal.de/dokumente/behoerde/61109050444,Grosse Kreisstadt Lindau (Bodensee) Sicheres Kontaktformular ... Bregenzer Str. 4-12 88131 Lindau (Bodensee) Postanschrift. Bregenzer Str. 4-12. 88131 Lindau (Bodensee) E-Mail poststelle@lindau.de. De-Mail. lindau@by.de-mail.de. Telefon +49 8382 918-0. Fax +49 8382 918-290. Webseite. www.stadtlindau.de. Sicheres Kontaktformular ...
0013x00002Pm50pAAB,https://atlas.immobilienscout24.de/adresse/88131-lindau-(bodensee)-bregenzer-str-6,"Wohnen & Leben in Bregenzer Str. 6, 88131 Lindau (Bodensee) - Lindau (Bodensee): Alles uber den Immobilienmarkt, Entwicklung der Immobilienpreise & Wohnumfeld. Finden Sie hier Mietpreise & Kaufpreise fur Wohnungen oder Hauser in Bregenzer Str. 6, 88131 Lindau (Bodensee) - Lindau (Bodensee)"
0013x00002Pm50pAAB,https://www.dasoertliche.de/Themen/Bregenzer-Str/Lindau-Bodensee.htm,"Gesamt 112 Adressen zu Bregenzer Str in Lindau (Bodensee) mit Telefonnummer , Offnungszeiten und Bewertung  Direkt Angebot vergleichen und Termin vereinbaren ... 88131 Lindau (Bodensee), Zech. Fax 08382 9 84 20 98. ... Geoffnet bis 12:00 Uhr. Details anzeigen Website. Carglass GmbH Lindau (Bodensee) (Zech) Autoglasereien. Bregenzer ..."
0013x00002Pm50pAAB,https://branchenbuch.meinestadt.de/lindau-bodensee/company/9138081,"Stadtverwaltung in Lindau/Bodensee im Branchenbuch von meinestadt.de - Telefonnummer, Adresse, Stadtplan, Routenplaner und mehr fur Stadtverwaltung Lindau/Bodensee ... Bregenzer Str. 6-12 88131 Lindau (Bodensee) ... Firmen in Deutschland Firmen in Bayern Firmen in Kreis Lindau/Bodensee Firmen in Lindau/Bodensee Stadtverwaltung ..."
0013x00002Pm512AAB,https://web2.cylex.de/firma-home/tenneco-gmbh-11637461.html,"Als Geschaftsanschrift wurde 67480 EDENKOBEN, Luitpoldstrasse 83 angegeben. ... Tenneco Automotive Deutschland GmbH Auspuffanlagen U. Stossdampfer 70 m Details Webseite. LUITPOLDSTR. 83 67480 Edenkoben 06323 472900. Fa. Humburg e.K. 300 m Details Webseite. Bahnhofstr. 190 67480 Edenkoben 0160 1509494. Germes Tours GmbH"
0013x00002Pm512AAB,https://www.europages.co.uk/TENNECO-AUTOMOTIVE-DEUTSCHLAND-GMBH/DEU236382-00101.html,"Address. Luitpoldstr. 83. 67480 Edenkoben - Germany. VAT No. Sign in or log in to view Phone Website. Add to the shortlist. Information The company TENNECO AUTOMOTIVE DEUTSCHLAND GMBH, is a Manufacturer/ Producer, founded in 1961, which operates in the Vehicles - mechanical components and parts industry. It also operates in the Vehicles ..."
0013x00002Pm512AAB,https://www.dasoertliche.de/Themen/Tenneco-Automotive-Deutschland-GmbH-Edenkoben-Luitpoldstr,">>Tenneco Automotive Deutschland GmbH<< in 67480 Edenkoben-, Luitpoldstr. 83 - Telefonnummer direkt gratis anrufen , Adresse im Stadtplan zeigen und Route berechnen und beste Bewertungen finden oder direkt bewerten. ... Luitpoldstr. 83 67480 Edenkoben Zum Kartenausschnitt Routenplaner Bus & Bahn. Telefon: 06323 4 70: Gratis anrufen ..."
0013x00002Pm512AAB,https://firmeneintrag.creditreform.de/67480/7190057741/TENNECO_AUTOMOTIVE_DEUTSCHLAND_GMBH,"Tenneco Automotive Deutschland GmbH, Edenkoben | Handelsregister: Landau in der Pfalz, HRB 3210 | Firmenauskunft | Branche: Herstellung von sonstigen Teilen und sonstigem Zubehor fur Kraftwagen ... Tenneco Automotive Deutschland GmbH, Edenkoben, Luitpoldstrasse 83, 67480 Edenkoben. Nicht mehr Geschaftsfuhrer: Rudd, William James, Mannheim ..."
0013x00002Pm51RAAR,https://www.heidenheim.de/rathaus-und-verwaltung,Das Ratsinfo-System der Stadt Heidenheim. Tagesordnungspunkte und Beschlusse der Gremien werden auf dieser Seite veroffentlicht. ... Grabenstrasse 15 89522 Heidenheim an der Brenz. OpenStreetMap. E-Mail rathaus@heidenheim.de. Telefon (0 73 21) 3 27-0. Fax (0 73 21) 3 27-10 11. Kontakt. Stadt Heidenheim an der Brenz Grabenstrasse 15 89522 ...
0013x00002Pm51RAAR,"https://www.heidenheim.de/,Lde/Rathaus _ Verwaltung/kontakt","Grabenstrasse 15 89522 Heidenheim an der Brenz. OpenStreetMap. E-Mail rathaus@heidenheim.de. Telefon ... Die Stadt Heidenheim hat ein hohes Interesse daran, dass offentliche Anlagen und Einrichtungen in ordentlichem Zustand sind. ... 89522 Heidenheim an der Brenz. OpenStreetMap. E-Mail rathaus@heidenheim.de. Telefon (0 73 21) 3 27-0. Fax (0 73 ..."
0013x00002Pm51RAAR,https://www.dasoertliche.de/Themen/Stadtverwaltung-Heidenheim-Heidenheim-an-der-Brenz-Innenstadt-Grabenstr,Stadtverwaltung Heidenheim. Grabenstr. 15. 89522 Heidenheim an der Brenz - Innenstadt Zum Kartenausschnitt Routenplaner Bus & Bahn. offnet um 14:00 Uhr. Telefon: 07321 3 27-0. Gratis anrufen. Telefax: 07321 3 27-1011.
0013x00002Pm51RAAR,https://www.statistik-bw.de/Service/Gemeindeverzeichnis/Gem.jsp?G=135019,Gemeindeverzeichnis - Statistisches Landesamt Baden-Wurttemberg. Heidenheim an der Brenz. Anschrift: Stadtverwaltung Heidenheim an der Brenz Postfach 1146 89501 Heidenheim an der Brenz Grabenstr. 15 89522 Heidenheim an der Brenz Telefon: 07321 327-0 E-Mail:Homepage: www.heidenheim.de Amtlicher Gemeindeschlussel: 08135019 Bundeseinheitlicher ...
0013x00002Pm51RAAR,https://www.dasoertliche.de/Themen/Grabenstraße/Heidenheim-an-der-Brenz.htm,"Grabenstr. 15 89522 Heidenheim an der Brenz, Innenstadt. Tel. 07321 3 27-3410 Gratis anrufen! Details anzeigen. Burgeramt An- und Abmeldungen, Ausweise, Lohnsteuerkarten, Fuhrungszeugnisse ... 89522 Heidenheim an der Brenz, Innenstadt. Tel. 07321 91 87 82 Gratis anrufen! offnet morgen um 09:00 Uhr. Details anzeigen Termin anfragen 2 E-Mail ..."
0013x00002Pm51VAAR,https://www.edelmann-group.com/en/group/locations/,"Edelmann GmbH Steinheimer Strasse 45 89518 Heidenheim Phone.: +49 7321 340-0 info@edelmann-group.com. Germany, ... Edelmann Packaging Mexico S.A. de C.V. Av. Libramiento Norte, Parque Industrial BTSD S/N, Edificio 2 Col. Barrio de Tlacateco, Tepotzotlan ... Edelmann GmbH Steinheimer Strasse 45 89518 Heidenheim Germany Tel: +49 7321 340-0 info ..."
0013x00002Pm51VAAR,https://www.edelmann-group.com/,"de; Zhong Wen ; hu; Packaging Experience ... At the Edelmann Group we use only the latest methods, technologies and production machines, of course - as well as constantly aligning everything we do with sustainability and economic viability. ... Edelmann GmbH Steinheimer Strasse 45 89518 Heidenheim Germany Tel: +49 7321 340-0 info@edelmann-group ..."
0013x00002Pm51VAAR,https://info.edelmann-group.com/kontakt,Headquarters Edelmann GmbH Steinheimer Strasse 45 89518 Heidenheim Germany Tel: +49 7321 340-0 info@edelmann-group.com
0013x00002Pm51VAAR,https://www.edelmann-group.com/de/,"de; Zhong Wen ; hu ... Bei der Edelmann Group werden nur die modernsten Methoden, Technologien und Fertigungsmaschinen eingesetzt, das ist selbstverstandlich - ebenso wie die stetige Ausrichtung unseres Handelns auf Wirtschaftlichkeit und Nachhaltigkeit. ... Edelmann GmbH Steinheimer Strasse 45 89518 Heidenheim Germany Tel: +49 7321 340-0 info ..."
0013x00002Pm51qAAB,https://www.adm.com/en-us/standalone-pages/adm-wild/,"2014 - Acquisition. In 2014, ADM expanded its food and ingredient offering with the acquisition of WILD Flavors GmbH, Switzerland (then parent company of Rudolf Wild GmbH & Co. KG). The acquisition marked the beginning of a series of strategic expansions for ADM across Europe, Middle East and Africa over the past decade."
0013x00002Pm51qAAB,https://www.fisaonline.de/en/find-institutions/overview-of-project-management-agencies/details/?tx_fisaresearch_projectagencies[action]=institutionDetails&tx_fisaresearch_projectagencies[controller]=Institutions&tx_fisaresearch_projectagencies[i_id]=5314&cHash=eed078cf3fe4141fc615869a4877ef26,ADM WILD Europe GmbH & Co. KG Institution Section overview. Activities; Involved in research projects; ... ADM WILD Europe GmbH & Co. KG Rudolf-Wild-Strasse 107-115 69214 Eppelheim / Heidelberg Baden-Wurttemberg Germany . Phone: +49-6221-799-
0013x00002Pm51qAAB,https://www.libella.de/impressum/,"ADM WILD Europe GmbH & Co. KG Rudolf-Wild-Strasse 107-115 D-69214 Heidelberg/Eppelheim. Tel.: +49-6221-799-. Internet: www.libella.de Email: info@libella.de. Umsatzsteuer ID: DE 143290893 Handelsregistereintrag: Heidelberg HRA 2281 V.i.S.d.P.: Patrick Schmidt. ... Die ADM WILD Europe GmbH & Co. KG behalt es sich vor, jederzeit Teile der ..."
0013x00002Pm51qAAB,https://opencorpdata.com/lei/529900PA2Q89K023LG55,ADM WILD Europe GmbH & Co. KG (LEI# 529900PA2Q89K023LG55) is a legal entity registered with BUSINESS ENTITY DATA B.V.. ... Legal Address: Rudolf-Wild-Str. 107-115 Eppelheim Baden-Wurttemberg 69214 Germany language: de: Headquarters Address: Rudolf-Wild-Strasse 107-115 Eppelheim Baden-Wurttemberg
0013x00002Pm51qAAB,"https://gb.kompass.com/c/adm-wild-europe-gmbh-co-kg
/de650157/",Rudolf-Wild-Strasse 107-115 69214 Eppelheim/Heidelberg. ... General Information - ADM WILD Europe GmbH & Co. KG Banks. Export area. West. Europe. ... (DE 2008) : Herstellung von Frucht- und Gemusesaften (10320) NACE Rev.2 (EU 2008) : Manufacture of fruit and vegetable juice (1032)
0013x00002Pm52RAAR,https://www.borbet.com/kontakt,"BORBET GmbH Hauptstrasse 5 59969 Hallenberg Tel. +49 (0) 29 84 / 30 11 60 Mail: info@borbet.de Kontakt Hinweisgebersystem/ Whistleblowing. Uber uns. Stellenangebote; Ausbildung; ... nach Oben. CHAT WHATSAPP KONTAKT Cookies. Ihre Daten. Ihre Wahl. Auf der BORBET Webseite verwenden wir Cookies und andere Tracking-Technologien, um Inhalte ..."
0013x00002Pm52RAAR,https://www.borbet.de/en/company/locations,"Hauptstrasse 5 D-59969 Hallenberg-Hesborn Tel.: +49 (0) 29 84 / 30 10 Fax: +49 (0) 29 84 / 30 11 10 info@borbet.de. certified according to: IATF 16949:2016 / ISO 9001:2015 / ISO 14001:2015 / ISO 45001:2018 / ISO 50001:2018. BORBET GmbH, Medebach ... BORBET GmbH Hauptstrasse 5 59969 Hallenberg Tel. +49 (0) 29 84 / 30 11 60 Mail: info@borbet.de ..."
0013x00002Pm52RAAR,https://www.borbet.de/,GUNTNER IST NEUER GESCHAFTSFUHRER DER BORBET THURINGEN GMBH. DR. GUNTNER IST NEUER GESCHAFTSFUHRER DER BORBET THURINGEN GMBH. ... BORBET GmbH Hauptstrasse 5 59969 Hallenberg Tel. +49 (0) 29 84 / 30 11 60 Mail: info@borbet.de. Ausbildung bei BORBET; Arbeiten bei BORBET; FAQs & Bewerbungstipps; Premiere; Lieferantenbereich;
0013x00002Pm52RAAR,https://www.borbet.com/en/contact,"BORBET GmbH Hauptstrasse 5 59969 Hallenberg Tel. +49 (0) 29 84 / 30 11 60 Mail: info@borbet.de contact Hinweisgebersystem/ Whistleblowing. About us. Stellenangebote; Ausbildung; ... nach Oben. CONTACT WHATSAPP. Your data. Your choice. On the BORBET website, we use cookies and other tracking technologies to be able to display content, offer ..."
0013x00002JiKy4AAF,https://www.dec.coop/contact-us/,"Phone Office: (541) 673-6616 or (800) 233-2733 Outage Reporting: (888) 420-8826 Fax: (541) 672-0863 Office Hours Monday through Thursday 7 a.m. to 5:30 p.m. Address 1981 NE Stephens Street Roseburg, OR 97470 Get directions to our office. Mailing Address PO Box..."
0013x00002JiKy4AAF,https://www.dec.coop/,"Douglas Electric Cooperative is a member owned electric cooperative whose mission is to provide affordable and reliable power to its members. ... Meters Served. 37. Employees to serve you. 86. Years in Service. 2500. Square miles service territory. Keep in Touch. Main Office. 1981 NE Stephens Street Roseburg, OR 97470 Directions to Main Office ..."
0013x00002JiKy4AAF,https://www.countyoffice.org/douglas-electric-cooperative-roseburg-or-64b/,"Douglas Electric Cooperative Address 1981 Northeast Stephens Street Roseburg, Oregon, 97470 Phone 541-673-6616 Fax 307-358-2972. ... Douglas Electric Cooperative Inc. Type: Private, not-for-profit electric utility. Ownership: Owned by the members it serves."
0013x00002JiKy4AAF,https://www.chamberofcommerce.com/business-directory/oregon/roseburg/electrician/10887887-douglas-electric-cooperative-inc,"Douglas Electric Cooperative Inc is located at 1981 NE Stephens St in Roseburg, Oregon 97470. Douglas Electric Cooperative Inc can be contacted via phone at 541-673-6616 for pricing, hours and directions."
0013x00002JiKy4AAF,https://www.chamberofcommerce.com/business-directory/oregon/roseburg/electrician/2017547015-douglas-electric-cooperative-inc,"Douglas Electric Cooperative Inc located at 1981 NE Stephens St, Roseburg, OR 97470 - reviews, ratings, hours, phone number, directions, and more. Search . Find a Business; Add Your Business; ... 1981 NE Stephens St Roseburg, Oregon 97470 541-673-6616; Call us today! Claim Your Listing ."
0013x00002MlH50AAF,https://www.mapquest.com/us/mississippi/el-paso-442817585,"10156 Old Magnolia Hwy Prairie, MS 39756 Hours"
0013x00002MlH50AAF,https://www.mapquest.com/us/mississippi/elpaso-538435176,"Get more information for Elpaso in Prairie, MS. See reviews, map, get the address, and find directions. Search MapQuest. Hotels. Food. Shopping. Coffee. Grocery. Gas. Elpaso (662) 369-7140. More. Directions Advertisement. 10156 Old Magnolia Hwy Prairie, MS 39756 Hours (662) 369-7140 Own this business? ... See a problem? Let us know. United ..."
0013x00002MlH50AAF,https://www.snagajob.com/jobs/801241056,"Prairie, Mississippi : About this job. ... Muldon Storage Facility located at 10156 Old Magnolia Highway, Prairie, Mississippi 39756. This is a rotating shift schedule once Operator Qualifications are achieved. Kinder Morgan offers a robust benefits package including medical, dental, vision, life insurance, two retirement plans, paid holidays ..."
0013x00002MlH50AAF,https://www.kindermorgan.com/Contact-Us/Contact-Us,"Kinder Morgan 1001 Louisiana St., Suite 1000 Houston, TX 77002 (713) 369-9000. Emergencies: (866) 762-8442 Call the number above or dial the direct emergency ... (US Only): For questions related to scope of work, DOT applicability, or KM technical review, please click here."
0013x00002LP4KAAA1,https://www.mapquest.com/us/illinois/walgreens-distribution-center-265253930,"Get more information for Walgreens Distribution Center in Mount Vernon, IL. See reviews, map, get the address, and find directions. ... Coffee. Grocery. Gas. Walgreens Distribution Center (618) 244-9100. Website. More. Directions Advertisement. 5100 Lake Ter NE Mount Vernon, IL 62864 ... Fast Company ranked Walgreen Co. among the top 10 ..."
0013x00002LP4KAAA1,https://www.chamberofcommerce.com/united-states/illinois/mount-vernon/distribution-service/2181707-walgreens-distribution-center,"AboutWalgreens Distribution Center. Walgreens Distribution Center is located at 5100 Lake Terrace in Mount Vernon, Illinois 62864. Walgreens Distribution Center can be contacted via phone at (618) 244-9100 for pricing, hours and directions."
0013x00002LP4KAAA1,https://jobs.walgreens.com/en/job/mt-vernon/distribution-center-supervisor-mount-vernon-il/1242/62643163280,"Address: 5100 LAKE TER NE,MOUNT VERNON,IL,62864. Job ID 1369083BR. Apply. Job Summary: Responsible for supervising and coordinating activities for assigned functional area which includes monitoring daily productivity/output by Key Performance Indicators (KPIs); in partnership with management, defines resource needs and works within budget and ..."
0013x00002LP4KAAA1,https://find-open.com/mount-vernon-il/walgreens-distribution-center-10770837,"Find opening & closing hours for Walgreens Distribution Center in 5100 Lake Terrace Northeast, Mount Vernon, IL, 62864 and check other details as well, such ... Home ; Distribution Services Mount Vernon, IL ; Walgreens Distribution Center; Closes in 1 day. Walgreens Distribution Center opening hours. ... Mount Vernon, IL, 62864 +1 618-244-9100 ..."
00130000010eKJoAAM,"https://www.mapquest.com/us/md/baltimore/21212-2117/6400-york-rd-39.37377,-76.61078","View detailed information and reviews for 6400 York Rd in Baltimore, MD and get driving directions with road conditions and live traffic updates along the way. ... Coffee. Grocery. Gas. 6400 York Rd. Share. More. Directions Advertisement. 6400 York Rd Baltimore, MD 21212-2117 Hours. See a problem? Let us know. Advertisement ..."
00130000010eKJoAAM,https://www.buzzfile.com/business/Wmar-TV-Channel-2-410-377-2222,"Wfts (trade name Wmar TV Channel 2) is in the Television Broadcasting Stations business. View competitors, revenue, employees, website and phone number. The Most Advanced Company Information Database Enter company name. Op. city,state,zip,county . Enter company name. Op. city,state,zip,county ..."
00130000010eKJoAAM,https://www.dandb.com/businessdirectory/wfts-baltimore-md-21667592.html,"Look at the company page for Wfts in Baltimore , MD at DandB.com. Take advantage of the D&B Business Directory for business research. Products; Resources; My Account; Talk to a D&B Advisor 1-800-280-0780. Business Directory ... 6400 YORK RD BALTIMORE, MD 21212 Get Directions (410) 377-2222 ... Address: UNVERIFIED. LAST VERIFIED:--"
00130000010eKJoAAM,https://dhs.maryland.gov/local-offices/baltimore-county/,"View larger map Mark Millspaugh Director Baltimore County DSS 6401 York Road Baltimore, Maryland 21212 Phone Hours of Operation 8:00 a.m. - 4:30 p.m. To report abuse/neglect 410-887-TIME (8463) To report abuse/neglect after hours 410-583-9398 Office of Child Support 211 Schilling Circle, Suite 102 Hunt Valley, Maryland 21031 Hours of Operation: 8:30 am - 4:00 Read the Rest..."
0013x00002MlFd6AAF,https://rexel.ca/,"On September 25, 2000 Rexel SA, a world leader in the distribution of electrical supplies with a presence on 4 continents and in more than 30 countries entered the Canadian market by completing the acquisition of all the shares of Westburne Inc. Thus Rexel Canada was born. Recently, Rexel Canada acquired Wesco Utility and renamed it Rexel Utility."
0013x00002MlFd6AAF,https://www.yellowpages.ca/bus/Ontario/North-Bay/Westburne-Ontario/6140295.html,"Westburne Ontario - North Bay - phone number, website & address - ON - Electrical Equipment & Supply Manufacturers & Wholesalers. Find everything you need to know about Westburne Ontario on Yellowpages.ca. ... 825 Wallace Rd, North Bay, ON P1A 0E7 Get directions ..."
0013x00002MlFd6AAF,https://www.westburne.ca/cwr/North-Bay/store/--WG,"825 Wallace Road, North Bay, Ontario, P1A 0E7 ... At one of our 100+ electrical supply locations across Canada, our certified electrical experts will work closely with you and your team to provide the best solutions and service to help grow your business. Register for a web account or merge your existing account with the web to take advantage ..."
0013x00002Pm8juAAB,https://www.at-yet.de/en/about-us,"Address: @-yet GmbH Schloss Eicherhof 42799 Leichlingen, Germany +49 2175 16 55 0 info@at-yet.de . Getting here: Schloss Eicherhof is between Cologne and Dusseldorf on the A3 motorway. Put Leichlingen, Am Hammer into your satnav. The approach to the Schloss is signed. Electric vehicles can tap electricity directly at the castle. // //"
0013x00002Pm8juAAB,https://www.at-yet.de/ueber-uns,"Schloss Eicherhof. 42799 Leichlingen. Routenplanung via OpenStreetMap. +49 2175 16 55 0. info@at-yet.de. S/MIME-Zertifikatskette zum Download. Anfahrt: Schloss Eicherhof liegt zwischen Koln und Dusseldorf an der Autobahn A3. Als Adresse bitte im Navi ,,Leichlingen, Am Hammer eingeben."
0013x00002Pm8juAAB,http://www.schloss-eicherhof.de/index.php/kontakt/kontaktdaten,"Schloss Eicherhof GmbH & Co. KG Anfahrt uber: Am Hammer, 42799 Leichlingen, Briefadresse: Eicherhof 13, 42799 Leichlingen Telefon 02175 168008 Email: Team AT Schloss-Eicherhof.de www.Schloss-Eicherhof.de. Komplementarin: Schloss Eicherhof Verwaltungsgesellschaft mbH Sitz Koln, Amtsgericht Koln HRB 103255"
0013x00002Pm8juAAB,https://www.linkedin.com/company/at-yet,"Leichlingen, 42799, DE Get directions ... Im Schloss Eicherhof diskutieren wir mit Ihnen die #Cybersicherheit in ... Die @-yet GmbH ist ein seit 2002 inhabergefuhrtes Unternehmen der IT ..."
0013x00002MlBzWAAV,https://enginuityglobal.com/contact/,"Tell us about your biggest challenge and well find a way to help you solve it. Contact Information. 11606 Southfork Ave., Bldg. 300B Baton Rouge, LA 70816; 225-255-3069; learnmore@engglo.com; Contact Form. Name (Required) Company (Required) Title (Required) Email (Required) ... C 2024 Enginuity Global C 2024 Enginuity Global ..."
0013x00002MlBzWAAV,https://www.linkedin.com/company/enginuityglobal,"11606 Southfork Ave 300-B Baton Rouge, Louisiana 70816, US Get directions Employees at Enginuity Global LLC ... Enginuity Global LLC | 1,365 followers on LinkedIn. Simplifying a complex world ..."
0013x00002MlBzWAAV,https://www.bizapedia.com/la/enginuity-global-llc.html,"ENGINUITY GLOBAL LLC is a Louisiana Limited-Liability Company filed on December 18, 2017. The companys filing status is listed as Active and its File Number is 42887489K. The Registered Agent on file for this company is Allen Richard Major and is located at 7555 Boyce Drive, Baton Rouge, LA 70809. The companys principal address is 11606 ..."
0013x00002MlBzWAAV,https://www.chamberofcommerce.com/business-directory/louisiana/baton-rouge/engineering-consultant/2013861742-enginuity-global-llc,"Enginuity Global LLC located at 11606 Southfork Ave Suite 300B, Baton Rouge, LA 70816 - reviews, ratings, hours, phone number, directions, and more. ... Enginuity Global LLC ( 3 Reviews ) 11606 Southfork Ave Suite 300B Baton Rouge, LA 70816 225-255-3069; Claim Your Listing . Claim Your Listing."
0013000000hMCAGAA4,https://comtech.com/contact-us/,Contact Us. Thank you for your interest! Please fill out the form below to inquire: First Name *. Last Name *. Email*. Phone. Company*.
0013000000hMCAGAA4,https://comtech.com/,"Contact Us; Support; ... Terrestrial and satellite communications have long existed as independent domains, with distinct products, capabilities, and infrastructures. We envisioned a future beyond those boundaries - a future of hybridized connectivity. ... (c)2024 Comtech Telecommunications Corp. ..."
0013000000hMCAGAA4,https://www.mapquest.com/us/florida/comtech-antenna-inc-404087417,"Get more information for Comtech Antenna Inc. in St Cloud, FL. See reviews, map, get the address, and find directions. Search MapQuest. Hotels. Food. Shopping. Coffee. Grocery. Gas. Comtech Antenna Inc. (407) 892-6111. Website. More. Directions Advertisement. 3100 Communications Rd St Cloud, FL 34769 Hours (407) 892-6111"
0013000000hMCAGAA4,"https://www.mapquest.com/us/fl/st-cloud/34769-5920/3100-communications-rd-28.24541,-81.304","View detailed information and reviews for 3100 Communications Rd in St Cloud, FL and get driving directions with road conditions and live traffic updates along the way. ... Coffee. Grocery. Gas. 3100 Communications Rd. Share. More. Directions Advertisement. 3100 Communications Rd St Cloud, FL 34769-5920"
0013000000hMCAGAA4,https://www.yelp.com/biz/comtech-direct-saint-cloud,"3100 Communications Rd. Saint Cloud, FL 34769. Get directions. Recommended Reviews. Your trust is our top concern, so businesses cant pay to alter or remove their reviews. Learn more about reviews. Username. Location. 0. 0. Choose a star rating on a scale of 1 to 5. 1 star rating. Not good. 2 star rating. Couldve been better."
0010c000029jtTqAAI,https://www.bluestonecomm.com/contact-us/,"Contact Us; Menu Menu; Contact Us. You are here: Home 1 / Contact Us. CORPORATE OFFICE ... 1200 Resource Drive, Suite 10 Cleveland, OH 44131 (216) 777-6000 (216) 741-3060 fax. Suzan Virosteck s.virosteck@bluestonecomm.com. OHIO ... Bluestone Communications, Inc. is an Equal Opportunity Employer."
0010c000029jtTqAAI,https://www.bluestonecomm.com/,"Hatzel & Buehler and Bluestone Communications Employees Proudly Participated in the Annual Alexs Lemonade Stand End Childhood Cancer Walk / Run January 5, 2024 - 9:27 am Bluestone Communications Acquires The Assets of Tricomm Services Corporation July 24, 2023 - 8:58 am"
0010c000029jtTqAAI,"https://www.buzzfile.com/business/Bluestone-Communications,-Inc.-216-777-6000","Bluestone Communications, Inc. is in the Telecommunications Consultant business. View competitors, revenue, employees, website and phone number."
0010c000029jtTqAAI,https://ibew38.org/about/contractors/,"Bluestone Communications. 1200 Resource Dr. Cleveland, Ohio 44131 Map It (216) 777-6000. Type Of Work: Electrical Contractor (Commercial & Industrial) Voice Data Video & Security; ... Suite A-10 Twinsburg, Ohio 44087 Map It. Barbara Hoover. Email hidden; Javascript is required. finelinecomm.com"
0013x00002Pm59mAAB,https://www.sparkasse-freiburg.de/de/home/toolbar/filialen/sparkasse-freiburg-noerdlicher-breisgau-finanzzentrum-freiburg-171889.html,"Wir sind gerne fur Sie da. KundenServiceCenter+49 761 215-0 / Mo - Fr 08.00 - 18.00 Uhr. 24h Karte und Online-Banking sperren116 116. Hier finden Sie die Offnungszeiten und Ausstattungsmerkmale der Sparkasse Freiburg-Nordlicher Breisgau, BeratungsCenter Freiburg Kaiser-Joseph-Strasse 186-190 in 79098 Freiburg."
0013x00002Pm59mAAB,https://www.sparkasse-freiburg.de/en/home/toolbar/kontakt.html,Sparkasse Freiburg-Nordlicher Breisgau Kaiser-Joseph-Str. 186-190 79098 Freiburg: Postal address: Sparkasse Freiburg-Nordlicher Breisgau Postfach 1170 79011 Freiburg: Telephone*: Mo - Fr 8am - 10pm +49 761 215-0: Fax*: +49 761 215-71999: E-mail: info@sparkasse-freiburg.de: Sort code: 68050101: BIC: FRSPDE66XXX: Online banking hotline ...
0013x00002Pm59mAAB,https://www.sparkasse-freiburg.de/de/home/toolbar/impressum.html,Sparkasse Freiburg-Nordlicher Breisgau Kaiser-Joseph-Str. 186-190 79098 Freiburg: Postanschrift: Sparkasse Freiburg-Nordlicher Breisgau Postfach 1170 79011 Freiburg: Bankleitzahl: 68050101: BIC: FRSPDE66XXX: Handelsregisternummer: HRA Nr. 4583 beim Amtsgericht Freiburg: Umsatzsteuer-Identifikationsnummer nach SS27 a UStG: DE 142 113 394 ...
0013x00002Pm59mAAB,https://www.sparkasse.de/standorte/filialen/sparkasse-freiburg-noerdlicher-breisgau-beratungs-center-freiburg-171889,"Hier finden Sie die Offnungszeiten und Ausstattungsmerkmale der Sparkasse Freiburg-Nordlicher Breisgau BeratungsCenter Freiburg Kaiser-Joseph-Strasse 186-190, 79098 Freiburg"
0013x00002Pm59mAAB,https://www.sparkasse-freiburg.de/fi/home/toolbar/kontakt.html,Sparkasse Freiburg-Nordlicher Breisgau Kaiser-Joseph-Str. 186-190 79098 Freiburg. E-Mail: info@sparkasse-freiburg.de: Fax 3: +49 761 215-71999: Postanschrift: Sparkasse Freiburg-Nordlicher Breisgau Postfach 1170 79011 Freiburg: BLZ: 68050101: BIC: FRSPDE66XXX
0013x00002Pm5BtAAJ,https://www.landkreis-northeim.de/portal/kontakt.html?naviID=reset1,"Auf dieser Seite konnen Sie uns Ihre Frage oder Kritik, Ihren Tipp oder Vorschlag mitteilen. Landkreis Northeim. Medenheimer Strasse 6/8. 37154 Northeim. Telefon: 05551 7080. Telefax: 05551 708223. E-Mail: info@landkreis-northeim.de Homepage: https://www.landkreis-northeim.de."
0013x00002Pm5BtAAJ,https://www.landkreis-northeim.de/info/poi/kreishaus-900000001-23900.html,Medenheimer Str. 6/8 37154 Northeim. Kontakt: Telefon: 05551 708-0 Telefax: 05551 708-223 E-Mail: info@landkreis-northeim.de Homepage: www.landkreis-northeim.de. Offnungszeiten: Montag und Freitag: 8:30 - 12:30 Uhr Dienstag und Donnerstag: 8:30 - 12:30 Uhr und 14:00 - 16:00 Uhr Termine sind auch ausserhalb dieser Servicezeiten moglich.
0013x00002Pm5BtAAJ,https://www.landkreis-northeim.de/portal/seiten/impressum-900000002-23900.html,"Portalbetreiber und Kontakt: Landkreis Northeim. Medenheimer Str. 6/8. 37154 Northeim. Telefonnummer: 05551 7080. Fax: 05551 708223. E-Mail-Adresse: info@landkreis-northeim.de. Welche Dateianhange wir problemlos per E-Mail empfangen konnen und uber welche weiteren elektronischen Postfacher Sie uns erreichen konnen, haben wir hier aufgefuhrt."
0013x00002Pm5BtAAJ,https://beteiligung-regionalplan.de/northeim/,"Medenheimer Str. 6/8 37154 Northeim Anbau Kreishaus, Zi. 155 wahrend der Offnungszeiten (Montag und Freitag: 8:30 - 12:30 Uhr. Dienstag und Donnerstag: 8:30 - 12:30 Uhr und 14:00 - 16:00 Uhr) oder nach Terminvereinbarung (Kontakt per E-Mail unter regionalplanung@landkreis-northeim.de sowie telefonisch unter 05551 708-192) eingesehen werden."
0013x00002Pm5BtAAJ,https://verwaltungsportal.hessen.de/dienststelle?org_id=L100040_388208058,"Adresse. Hausanschrift. Medenheimer Strasse 6/8. 37154 Northeim. Kontakt speichern; Offnungszeiten. Kreisverwaltung: Montag und Freitag: 8:30 - 12:30 Uhr, Dienstag und Donnerstag: 8:30 - 12:30 Uhr und 14:00 -16:00 Uhr Mittwoch: nach vorheriger Vereinbarung ... E-Mail: info@landkreis-northeim.de. Internet. https://www.landkreis-northeim.de ..."
0013x00002MlEsZAAV,https://analynk.com/,Analynk Wireless specializes in industrial wireless products and UL508A Control Panels. Wireless products include antennas and access point enclosures for use in hazardous areas. ... Analynk is a Certified UL508A Panel Shop servicing the greater Ohio area. CALL OR EMAIL TO REQUEST A QUOTE! (614) 755-5091. Facebook; LinkedIn; Blog; YouTube; Home ...
0013x00002MlEsZAAV,https://www.mapquest.com/us/ohio/analynk-wireless-llc-5617856,"Get more information for Analynk Wireless LLC in Columbus, OH. See reviews, map, get the address, and find directions. Search MapQuest. Hotels. ... (614) 755-5091. Website. More. Directions Advertisement. 790 Cross Pointe Rd Columbus, OH 43230 Opens at 8:30 AM. Hours. Mon 8:30 AM -5 ..."
0013x00002MlEsZAAV,https://www.yellowpages.com/columbus-oh/mip/analynk-wireless-7299590,"Get reviews, hours, directions, coupons and more for Analynk Wireless at 790 Cross Pointe Rd, Columbus, OH 43230. Search for other Controls, Control Systems & Regulators in Columbus on The Real Yellow Pages(r)."
0013x00002MlEsZAAV,https://www.linkedin.com/company/analynk-wireless-llc,"790 Cross Pointe Road Columbus, OH 43230, US ... Analynk Wireless, LLC proudly announces fully certified ATEX Zone 1 IIB enclosures for the most popular access points. ATEX Zone 1, IIB is a ..."
0010c0000259DQtAAM,https://www.mapquest.com/us/colorado/bi-incorporated-373828781,"Get more information for BI Incorporated in Boulder, CO. See reviews, map, get the address, and find directions. ... Grocery. Gas. BI Incorporated. Opens at 9:00 AM (303) 218-1000. Website. More. Directions Advertisement. 6265 Gunbarrel Ave, Suite B ... What started as a small after-school enrichment program in Boulder, Colorado quickly grew ..."
0010c0000259DQtAAM,https://www.linkedin.com/company/bi-incorporated,"6265 Gunbarrel Avenue, Suite B Boulder, CO 80301, US Get directions ... As a leading technology company in Colorado and the largest provider of innovative electronic monitoring solutions in the ..."
0010c0000259DQtAAM,https://www.mapquest.com/us/colorado/bi-incorporated-10006265,"See reviews, map, get the address, and find directions. Search MapQuest. Hotels. Food. Shopping. Coffee. Grocery. Gas. BI Incorporated (303) 218-1000. Website. More. Directions Advertisement [6276 - 6284] Gunbarrel Ave Suite B Boulder, CO 80301 Hours (303) 218-1000 https://bi.com . Founded in 1978, BI provides technology and research-based ..."
0010c0000259DQtAAM,https://www.builtincolorado.com/company/bi-incorporated-geo-company,"Claim Profile. Last updated 03/25/2024. Find jobs, benefits and insider info about BI Incorporated (A GEO Company), a Hardware, Information Technology, Software company in Boulder. Office address: 6265 Gunbarrel Avenue Suite B Boulder, CO 80301."
0010c000021gv5LAAQ,https://ie.kompass.com/c/temple-engineering-sales-limited/ien015374/,"Purchase a Company list with the executives and contact details. TEMPLE ENGINEERING SALES LIMITED are wholesalers of machinery and equipment. Incorporated in 1978 with the registration number 65042, TEMPLE ENGINEERING SALES LIMITED have a registered office located in DUBLIN 24, CO DUBLIN."
0010c000021gv5LAAQ,https://www.vision-net.ie/Company-Info/Temple-Engineering-Sales-Limited-65042,"Temple Engineering Sales Limited ... Their current partial address is Dublin, and the company status is Normal. ... Company Status: NORMAL : Company Address: 58 Broomhill Drive, Tallaght Industrial Estate, Dublin 24, Dublin, Ireland: Telephone: +353 (0)1 427 1400 : Website: www.temple.ie: Key Executive: Mr Ryan: Company Size:"
0010c000021gv5LAAQ,https://opencorporates.com/companies/ie/65042,"Source Ireland Companies Registration Office, https://services.cro.ie/, 6 Oct 2023 (CRO Open Services licence) Free and open company data on Ireland company TEMPLE ENGINEERING SALES LIMITED (company number 65042), 58 BROOMHILL DRIVE, TALLAGHT INDUSTRIAL ESTATE, DUBLIN 24, DUBLIN, IRELAND."
0010c000021gv5LAAQ,https://www.solocheck.ie/Irish-Company/Temple-Engineering-Sales-Limited-65042,"Temple Engineering Sales Limited was set up on Monday the 2nd of October 1978. Their current partial address is Dublin, and the company status is Normal. ... Website: www.temple.ie; Phone: +353 (0)1 427 1400; Principal Activity: ? ... Registered Address: 58 Broomhill Drive, Tallaght Industrial Estate, Dublin 24, Dublin, Ireland; Standard Report."
00130000014KCf4AAG,https://www.manta.com/c/mmg4p10/custom-sales-inc,"Contact. Custom Sales Inc. 562 Farrand Road; Sherwood, MI 49089 (517) 741-3472 Get Directions Similar Businesses. Custom Sales Inc . Sherwood, MI (517) 741-3472 View. Wire Design . Elkhart, IN (574) 293-2990 View. Bongard Machines Usa, LLC ..."
00130000014KCf4AAG,https://www.yellowpages.com/sherwood-mi/mip/custom-sales-inc-27407361,"Custom Sales Inc. . Wire & Cable-Non-Electric. Be the first to review! Add Hours. 38 Years. in Business. (517) 741-3472 Add Website Map & Directions 562 Farrand RdSherwood, MI 49089 Write a Review."
00130000014KCf4AAG,https://us.kompass.com/c/custom-sales-inc/usm30100542/,"Please refine your search by (Localization + What, who? ... Edit search Login / Register My account"
00130000014KCf4AAG,https://start.cortera.com/company/research/k2r3kyp5p/custom-sales/,"Free Business profile for CUSTOM SALES at 562 Farrand Rd, Sherwood, MI, 49089-9751, US. CUSTOM SALES specializes in: Electrical Apparatus and Equipment, Wiring Supplies, and Construction Materials. This business can be reached at (517) 741-7402"
0013x00002Ml49NAAR,https://www.moore-control.com/,"Drawing from the benefit of thousands of projects successfully completed since 1981, MCSI is able to offer aggressive delivery schedules on both normal and fast track projects. MCSI provides our customers with a wide range of engineering discipline support including: -Instrumentation and Electrical engineering and design -Automation/Control ..."
0013x00002Ml49NAAR,https://www.mapquest.com/us/texas/moore-control-systems-inc-9512524,"Get more information for Moore Control Systems Inc in Katy, TX. See reviews, map, get the address, and find directions. Search MapQuest. ... Website. More. Directions Advertisement. 1435 Katy Flewellen Rd Katy, TX 77494 Opens at 8:00 AM. Hours. Mon 8:00 AM -5: ..."
0013x00002Ml49NAAR,https://www.linkedin.com/company/moore-control-systems-inc,"1435 Katy Flewellen Katy, Texas 77494, US Get directions 14827 I-10 East ... Moore Control Systems, Inc | 3,539 followers on LinkedIn. Quality*Second Only to Safety*Since 1981 Moore Personal*Moore ..."
0013x00002Ml49NAAR,https://www.chamberofcommerce.com/business-directory/texas/katy/engineer/46704522-moore-control-systems-inc,"Moore Control Systems, Inc. located at 1435 Katy Flewellen Rd, Katy, TX 77494 - reviews, ratings, hours, phone number, directions, and more."
0010c00002GDG4SAAX,https://www.cedarelectricinc.com/,"Call Us Today. Serving Central PA 717-945-7982. ... reach out to the experienced team at Cedar Electric Inc. We have served health care providers in Central Pennsylvania since 1967. ... 528 Cheltenham Ct Lititz, Pennsylvania 17543 Tel: 717-945-7982. Alternate Number: 717-945-7986."
0010c00002GDG4SAAX,https://www.mapquest.com/us/pennsylvania/cedar-electric-inc-351208876,"Get more information for Cedar Electric Inc. in Lititz, PA. See reviews, map, get the address, and find directions. Search MapQuest. Hotels. ... (717) 945-7982. Website. More. Directions Advertisement. 528 Cheltenham Ct Lititz, PA 17543 Opens at 7:00 AM. Hours. Mon 7:00 AM -4 ..."
0010c00002GDG4SAAX,https://www.yelp.com/biz/cedar-electric-lititz,"When you need any electrical equipment installed, reach out to the experienced team at Cedar Electric Inc. We have served health care providers in Central Pennsylvania since 1967. ... 528 Cheltenham Ct. Lititz, PA 17543. Get directions. Mon. 7:00 AM - 4:00 PM. Tue. 7:00 AM - 4:00 PM. Wed. 7:00 AM - 4:00 PM. Thu. 7:00 AM - 4:00 PM. Fri. 7:00 AM ..."
0010c00002GDG4SAAX,https://www.yellowpages.com/lititz-pa/mip/cedar-electric-inc-456295372,"1137 N Bristol Dr, Lititz, PA 17543. Garden Spot Electric Inc. 360 Hostetter Rd, Manheim, PA 17545. Caretakers Electric Inc. 655 Owl Hill Rd, Lititz, PA 17543"
0013x00002MlGjZAAV,https://www.sacontrols.com/,"CONTACT. More... (301) 223-9166. CUSTOM ENGINEERED. INDUSTRIAL CONTROL SYSTEMS. South Atlantic Controls is a full service automation system integrator. We design, fabricate, program, install, and support automated control and monitoring systems for industrial clients. ... 10226 Governor Lane Blvd. Williamsport, MD 21795 ..."
0013x00002MlGjZAAV,https://www.manta.com/c/mmj5ztf/south-atlantic-controls,"10226 Governor Lane Boulevard Unit 4001 Williamsport, MD 21795 (301) 223-9166"
0013x00002MlGjZAAV,https://www.mapquest.com/us/maryland/south-atlantic-controls-352072432,"Get more information for South Atlantic Controls in Williamsport, MD. See reviews, map, get the address, and find directions. Search MapQuest. ... Website. More. Directions Advertisement. 10226 Governor Lane Blvd Suite 4001 Williamsport, MD 21795 Open until 6:00 PM. Hours. Mon 9:00 AM -6: ..."
0013x00002MlGjZAAV,https://www.automation.com/en-us/suppliers/sisp06/south-atlantic-controls,"South Atlantic Controls is a full service automation system integrator providing turn-key control and process automation solutions. Our full range of services covers system engineering, fabrication, programming, installation, support and service. ... 10226 Governor Lane Blvd Williamsport, Maryland 21795 United States 888.525.9166 [email ..."
001a000001kkdNDAAY,https://reflexallen.com/,"Reflexallen has always believed in the importance of weight reduction, first replacing metal and rubber with special polymers where possible and then combining the value of carbon fiber and composites in general. Weight reduction is a key factor to reduce consumption. This is even more important for electric and new-generation vehicles as it ..."
001a000001kkdNDAAY,https://www.linkedin.com/company/reflex-allen-group,"Brno, Czech Republic 627 00, CZ Get directions ... For questions and orders, contact us at sales@reflexallen.com. Your satisfaction is our priority! ... Turanka 1315/112 Brno, Czech Republic 627 ..."
001a000001kkdNDAAY,https://www.emis.com/php/company-profile/CZ/Reflexallen_Czech_Republic_SRO_en_7423619.html,"Reflexallen Czech Republic S.R.O. is an enterprise in Czech Republic, with the main office in Brno. It operates in the All Other Miscellaneous General Purpose Machinery Manufacturing industry. The enterprise was incorporated on June 05, 2003. 6 - 9 (2020) employees currently work for Reflexallen Czech Republic S.R.O.."
001a000001kkdNDAAY,https://cz.linkedin.com/company/reflex-allen-group,"Reflexallen Group | 20 059 sledujicich uzivatelu na LinkedIn. Driven by Sustainable Energy | Reflexallen is an automotive Tier 1 supplier; a global player that offers a wide range of safety-critical components. A leading and innovative worldwide recognized company which since its origins considers quality, innovation and continuous improvements as the pillars of its mission. The incredible ..."
0013000000yYhiyAAC,https://wisconsindot.gov/Pages/about-wisdot/contact-us/default.aspx,"Locations. WisDOT Central Office - Hill Farms State Office Building, 4822 Madison Yards Way, Madison, WI 53705. State Patrol."
0013000000yYhiyAAC,https://county.milwaukee.gov/EN/Administrative-Services/Architecture-and-Engineering,"Contact us! Sean Hayes, Director 633 W. Wisconsin Ave., Ste. 1000 Milwaukee, WI 53203 Phone: (414) 278-4861. Email Sean. ... Milwaukee County Department of Transportation 5300 S. Howell Avenue Milwaukee, WI 53207. Phone: (414) 747-5320. Email Brian. Facilities Condition Assessment Unit ."
0013000000yYhiyAAC,https://county.milwaukee.gov/EN/Contact-Us,"633 W. Wisconsin Ave. Milwaukee, WI 53203 (414) 223-8100 ; Clerk of Courts. Milwaukee County Courthouse - Room 104 ... (414) 223-1200: Milwaukee County Transit System (414) 344-6711: Milwaukee County Zoo (414) 771-3040: ... Contact Us. Complete the form below with as much specific information as you can so that we may provide you with a quick ..."
0013000000yYhiyAAC,https://www.mapquest.com/us/wisconsin/633-west-wisconsin-avenue-410931261,"Get more information for 633 West Wisconsin Avenue in Milwaukee, WI. See reviews, map, get the address, and find directions. Search MapQuest. ... 633 West Wisconsin Avenue $$ (414) 431-6555. Website. More. Directions Advertisement. 633 W Wisconsin Ave Milwaukee, WI 53203 Hours (414) 431-6555"
0013000000yYhiyAAC,https://wisconsindot.gov/Pages/home.aspx?home,"Wisconsins Division of Motor Vehicles (DMV) titles and registers our residents vehicles and issues Wisconsin driver licenses or ID cards. Online services available 24/7. DMV Services. Get free, real-time traffic information on Wisconsin highways and access live feeds from more than 500 traffic cameras statewide. Know before you go with 511WI."
0013x00002Pm5HeAAJ,https://www.rhoen-grabfeld.de/,Herzlich willkommen auf dem Informations- und Serviceportal des Landkreises Rhon-Grabfeld. ... Landratsamt Rhon-Grabfeld Sporleinstrasse 11 97616 Bad Neustadt a. d. Saale. Telefon: 09771 94-0 Telefax: 09771 94-300 E-Mail: info(at)rhoen-grabfeld.de. Weitere Informationen. Aktuelles; Datenschutz; Veranstaltungen; Impressum; Kontakt;
0013x00002Pm5HeAAJ,https://verwaltungsportal.hessen.de/behoerde?org_id=L100042_2446,"Sporleinstr. 11. 97616 Bad Neustadt a.d.Saale. Kontakt speichern; Postanschrift. 97615 Bad Neustadt a.d.Saale ... :00 Uhr - 12:30 Uhr. Do 08:00 Uhr - 12:30 Uhr und 13:30 Uhr - 16:00 Uhr. Fr 08:00 Uhr - 13:00 Uhr. Kontakt. E-Mail: poststelle@rhoen-grabfeld.de. Sonstiges ... Gemeindeverband Saal a.d.Saale (VGem) (Kreis Rhon-Grabfeld, Bayern ..."
0013x00002Pm5HeAAJ,https://www.rhoen-grabfeld.de/kontakt,Aus Grunden der Lesbarkeit werden die mannliche und weibliche Form alternierend verwendet.
0013x00002Pm5HeAAJ,https://www.bayernportal.de/dokumente/leistung/71665115334?plz=97616&behoerde=26220172442&gemeinde=921967646697,Sporleinstr. 11 97616 Bad Neustadt a.d.Saale Postanschrift. 97615 Bad Neustadt a.d.Saale. E-Mail. bautechnik@rhoen-grabfeld.de. Telefon +49 9771 94-501. Sicheres Kontaktformular Standort im BayernAtlas Routenplanung ... Bodenrichtwerte des Landkreis Rhon-Grabfeld (kostenfreie Information) ...
0013x00002Pm5HeAAJ,https://www.dasoertliche.de/Themen/Landratsamt-Rhön-Grabfeld-Bad-Neustadt-Spörleinstr,">>Landratsamt Rhon-Grabfeld<< in 97616 Bad Neustadt-, Sporleinstr. 11 - Telefonnummer direkt gratis anrufen , Adresse im Stadtplan zeigen und Route berechnen und beste Bewertungen finden oder direkt bewerten"
