0013x00002JjAbhAAF,https://odu-connectors.com/us/contact/,"Find ODU contacts worldwide here - Contact us ... sales@odu-usa.com; Contact; Your search term. Search Product Finder. Enter part number or description. ... ODU-USA INC. 300 Camarillo Ranch Road, Suite A Camarillo, CA 93012 United States of America. Phone number +1 (805) 484 0540. E-Mail."
0013x00002JjAbhAAF,https://www.zoominfo.com/c/odu-usa-inc/58935113,"View ODU-USA (www.odu-usa.com) location in California, United States , revenue, industry and description. ... ODU-USAs headquarters are located at 300 Camarillo Ranch Rd Ste A, Camarillo, California, 93012, ... ODU-USA contact info: Phone number: (805) 484-0540 Website: ..."
0013x00002JjAbhAAF,https://www.linkedin.com/company/odu-usa,"Camarillo, CA 93012, US Get directions ... email us at sales@odu-usa.com #tech #electricalengineering #connectors #engineering #engineeringdesign ... 300 Camarillo Ranch Road Suite A"
0013x00002JjAbhAAF,https://www.militaryaerospace.com/directory/components-power-electronics-sensors/components-connectors/company/14060017/odu-usa-inc,"ODU Group is one of the worlds leading suppliers of connector systems, employing 1,900 people around the world. ODU connectors ensure a reliable transmission of power, signals, data and media ..."
001a000001hzlIHAAY,https://www.psegliny.com/myaccount/customersupport/contactus,"If your issue is an emergency or an urgent matter, do not submit this form. Please call our Emergency Hotline at 1-800-490-0075, available 24 hours / 7 days. Email Us. Have an emergency? Call PSEG Long Island 24/7: 1-800-490-0075. Customer Service - Residential: 1-800-490-0025; Business: 1-800-966-4818; Espanol: 1-800-490-0085."
001a000001hzlIHAAY,https://www.psegliny.com/myaccount/customersupport/customerservicelocations,"455 Mill Road Hewlett, NY 11557. Self-Service Kiosk. 0 Miles Away. Hicksville. 175 E. Old Country Road Hicksville, NY 11801. Self-Service Kiosk. 0 Miles Away. Melville. 15 Park Drive Melville , NY 11747."
001a000001hzlIHAAY,https://www.mapquest.com/us/new-york/pse-g-long-island-365215969,"Get more information for PSE&G Long Island in Hicksville, NY. ... get the address, and find directions. Search MapQuest. Hotels. Food. Shopping. Coffee. Grocery. Gas. PSE&G Long Island. Opens at 8:30 AM. 10 reviews (800) 490-0025. Website. More. Directions Advertisement. 175 E Old Country Rd Hicksville, NY 11801 Opens at 8:30 AM."
001a000001hzlIHAAY,https://www.chamberofcommerce.com/business-directory/new-york/hicksville/electric-utility-company/2005017241-pseg-long-island,"PSEG Long Island located at 175 E Old Country Rd, Hicksville, NY 11801 - reviews, ratings, hours, phone number, directions, and more. ... PSEG Long Island is located at 175 E Old Country Rd in Hicksville, New York 11801. PSEG Long Island can be contacted via phone at 800-490-0025 for pricing, hours and directions. ... Empire Led Solutions LLC ..."
0013x00002JiKPuAAN,https://www.manta.com/c/mtw58jx/conagra-brands-inc,"Contact. Conagra Brands, Inc. 4551 Squires Road; Quincy, MI 49082 (402) 240-8210 Visit Website Get Directions Similar Businesses. Skeeters LLC . Homer, MI (517) 937-1624 View. Dawson, Dorothy Food Products Inc . Jackson, MI (517 ..."
0013x00002JiKPuAAN,https://www.fsis.usda.gov/inspection/fsis-inspected-establishments/conagra-brands-inc.-2,"An official website of the United States government. Heres how you know. Heres how you know. ... Establishment Title/Name Conagra Brands, Inc. Grant Date Mar 13, 2018. Address 4551 Squires Road Quincy, MI 49082 DUNS Number 828688189. District 50. Circuit 5034. County Hillsdale County. FIPS Code 26059. Gelocation."
0013x00002JiKPuAAN,https://careers.conagrabrands.com/us/en/quincy,"Maintenance Mechanic - 2nd Shift. Quincy, Michigan, United States of America Supply Chain & Manufacturing Req-026705 Full time. You will troubleshoot, replace, repair, adjust and modify electrical, mechanical or hydraulic, pneumatic equipment. Perform end of shift responsibilities which include: securing all equipment, perform..."
0013x00002JiKPuAAN,https://www.chamberofcommerce.com/business-directory/michigan/quincy/food-products-supplier/29345473-con-agra-foods-inc,"Con Agra Foods Inc is located at 4551 Squires Rd in Quincy, Michigan 49082. Con Agra Foods Inc can be contacted via phone at 517-689-2221 for pricing, hours and directions."
0010c00001x1TFJAA2,https://www.nbs-components.com/,"NBS COMPONENTS a a coeur de repondre a ces exigences par la recherche de sources dapprovisionnements pertinentes, ... 10 rue des Arpents 28070 - Bleury St-Symphorien. Agence commerciale 1 bis rue Marcel Paul 91300 - Massy. du lundi au vendredi de 8h30 a 12h30 et de 14h a 18h. 01 85 74 02 12."
0010c00001x1TFJAA2,https://www.pagesjaunes.fr/pros/61540102,"Situee au 10 rue Arpents a Auneau Bleury Saint Symphorien, NBS Components propose une large gamme de produits de qualite superieure a des prix competitifs. ... 10 Rue Des Arpents 28700 Auneau-Bleury-Saint-Symphorien Comptes annuels et rapports Date de cloture des comptes : 31 decembre 2022 BODACC C ndeg 20230175 du 12 septembre 2023 ..."
0010c00001x1TFJAA2,https://fr.kompass.com/c/nbs-components/fr4010462/,"La compagnie NBS COMPONENTS, est localisee au 10 RUE DES ARPENTS a Auneau-bleury-saint-symphorien (28700) dans le departement de lEure-et-Loir. Cette societe est une societe a responsabilite limitee (SARL) fondee en 2014 sous le"
0010c00001x1TFJAA2,https://www.societe.com/societe/nbs-components-802295899.html,"NBS COMPONENTS, societe a responsabilite limitee, au capital social de 5000,00 EURO, dont le siege social est situe au 10 RUE DES ARPENTS, 28700 AUNEAU-BLEURY-SAINT-SYMPHORIEN, immatriculee au Registre du Commerce et des Societes de Chartres sous le numero 802295899 representee par M Sebastien BRUGEAS agissant et ayant les pouvoirs ..."
0013000000hM9xRAAS,https://www.chamberofcommerce.com/business-directory/colorado/littleton/fire-alarm-supplier/9310051-johnson-controls-denver-office,"Johnson Controls Denver Office is located at 10289 W Centennial Rd in Littleton, Colorado 80127. Johnson Controls Denver Office can be contacted via phone at 303-973-5930 for pricing, hours and directions."
0013000000hM9xRAAS,https://www.mapquest.com/us/colorado/johnson-controls-inc-9949459,"Get more information for Johnson Controls Inc in Littleton, CO. See reviews, map, get the address, and find directions. Search MapQuest. ... (303) 973-5930. Website. More. Directions Advertisement. 10289 W Centennial Rd Littleton, CO 80127 Opens at 9:00 AM. Hours. Mon 9:00 AM -6 ..."
0013000000hM9xRAAS,https://www.allbiz.com/business/johnson-controls-denver-office_1D-303-973-5930,"Johnson Controls Inc 10289 W Centennial Rd, Littleton, CO 80127 Get Directions. Phone: (303) 973-5930. ... Johnson Controls Inc is located at 10289 W Centennial Rd, Littleton, CO 80127. Q5. ... Additional Businesses at this Address. 10289 W Centennial Rd, Littleton, CO 80127. Hampton Inn"
0013000000hM9xRAAS,https://www.bbb.org/us/co/littleton/profile/general-engineering-contractor/johnson-controls-inc-1296-28280,"They help us to know which pages are the most and least popular and see how visitors move around the site. ... Johnson Controls, Inc. has 17 locations, ... 10289 W Centennial Rd, Littleton, CO ..."
0013x00002Oq7MdAAJ,https://mannai.com/contact/,"Mannai Corporation QPSC. Address: Building No. 72, Zone No. 57 East Industrial Street, PO Box 76, Doha, Qatar Tel: (+974) 4455 8888 Fax: (+974) 4455 8880 Email: [email protected] Web: www.mannai.com For further information about Mannai Corporation contact the Group Marketing Department: Tel: (+974) 4455 8813 Fax: (+974) 4455 8227 Email: [email protected] For career opportunities:"
0013x00002Oq7MdAAJ,https://mannaiindustrial.com/contact/,"ENERGY & INDUSTRIAL MARKETS GROUP. Mannai Trading Co. WLL Building No. 72, Zone No. 57 East Industrial Street PO Box 76, Doha, Qatar. Telephone: (+974) 4455 8461 Fax: (+974) 4455 8485 E-mail: E& [email protected] BUSINESS HOURS"
0013x00002Oq7MdAAJ,https://www.linkedin.com/company/mannaitrading-hpsolutions,"Mannai Trading Co. - HP Solutions | 2,797 followers on LinkedIn. ... Building No. 72, Zone No. 57 East Industrial Street P.O. Box 76 Doha, QA Get directions Employees at Mannai Trading Co. - HP ..."
0013x00002JjAcaAAF,https://www.acutusmedical.com/int/contact/,"Thank You for Your Interest in Acutus Medical We Look Forward to Discussing Your Goals. Investors; Media; Careers; International. ... Contact Us. Thank You for Your Interest in Acutus Medical ... Links. Product Safety Information; Compliance; Acutus Medical, Inc. 2210 Faraday Avenue Suite 100 Carlsbad, CA 92008. Phone: +1-442-232-6080 Fax: +1 ..."
0013x00002JjAcaAAF,https://www.acutusmedical.com/us/,"WATCH ON DEMAND NOW A New Patient-specific Approach to Persistent AF Non-contact Trigger Mapping Workflow and. Investors; Media; Careers; United States. International; ... Acutus Medical, Inc. 2210 Faraday Avenue Suite 100 Carlsbad, CA 92008. Phone: +1-442-232-6080 Fax: ..."
0013x00002JjAcaAAF,https://www.acutusmedical.com/int/company/,"Acutus Medical, Inc. 2210 Faraday Avenue Suite 100, Carlsbad, CA 92008 Phone: +1-442-232-6080 Fax: +1-442-232-6081 [email protected] Acutus Medical NV Ikaroslaan 25 1930 Zaventem, Belgium Phone: +32 2 669 75 00 FAX: +32 2 669 75 01 [email protected]"
0013x00002JjAcaAAF,https://www.acutusmedical.com/us/company/,"Acutus Medical, Inc. was founded in 2011 and is based in San Diego, CA. Our products are co-developed in the U.S. and Europe with an exceptional team of medical scientists, biomedical engineers, and other professionals. 1 Verma A, Jiang C, Betts T, et al. Approaches to catheter ablation for persistent atrial fibrillation. N Engl J Med. 2015;372 ..."
0013x00002JjAcaAAF,https://www.chamberofcommerce.com/business-directory/california/carlsbad/manufacturer/2015765186-acutus-medical-inc,"Acutus Medical Inc. located at 2210 Faraday Ave #100, Carlsbad, CA 92008 - reviews, ratings, hours, phone number, directions, and more. ... California 92008. Acutus Medical Inc. can be contacted via phone at 442-232-6080 for pricing, hours and directions. ... 1947 Camino Vida Roble suite 105 Carlsbad, CA 92008 760-431-2452 ( 0 Reviews ) The ..."
0013x00002Ml2S0AAJ,https://www.yellowpages.com/pelham-nh/mip/gxp-automation-23625804,"Get reviews, hours, directions, coupons and more for Gxp Automation at 25 Mulberry Ln, Pelham, NH 03076. Search for other Automation Consultants in Pelham on The Real Yellow Pages(r). What are you looking for?"
0013x00002Ml2S0AAJ,https://www.mapquest.com/us/new-hampshire/gxp-automation-358756301,"Get more information for GXP Automation in Pelham, Town of, NH. See reviews, map, get the address, and find directions. Search MapQuest. Hotels. ... GXP Automation. Closed today (603) 898-6825. Website. More. Directions Advertisement. 25 Mulberry Ln Pelham, Town of, NH 03076 Closed today. Hours. Mon 9:00 AM ..."
0013x00002Ml2S0AAJ,https://www.yellowpages.com/pelham-nh/gxp-automation-llc,"Find 2 listings related to Gxp Automation Llc in Pelham on YP.com. See reviews, photos, directions, phone numbers and more for Gxp Automation Llc locations in Pelham, NH. Find a business. ... More. Coupons & Deals Explore Cities Find People Get the App! Advertise with Us. Browse. auto services. Auto Body Shops Auto Glass Repair Auto Parts Auto ..."
0013x00002Ml2S0AAJ,https://www.whereorg.com/gxp-automation-llc-28927694,"According to our records, this business is located at 25 Mulberry Lane in Pelham (in Hillsborough County), New Hampshire 03076, the location GPS coordinates are: 42.7375907897949 (latitude), -71.2751083374023 (longitude). Gxp Automation LLC is categorized under Industrial Machinery and Equipment Merchant Wholesalers."
0013x00002Ml2S0AAJ,https://www.corporationwiki.com/New-Hampshire/Pelham/gxp-automation-llc/58398147.aspx,"View company leaders and background information for Gxp Automation, LLC. Search our database of over 100 million company and executive profiles. ... New Hampshire > Pelham. Gxp Automation, LLC Active Pelham, NH (603)898-6825. Overview. 3. Key People. 3. Locations -- Filings. Contribute. Follow. Share PDF Excel ..."
0013x00002MlHahAAF,https://thompsonscale.com/contact/,"Phone (713) 932-9071 Fax (713) 932-9379 Address Thompson Scale Company 9000 Jameel, #190 Houston, TX 77040 USA Emails Sales Department sales@thompsonscale.com Contact Sales Group Via Web Form Questions or Comments Concerning This Website webmaster@thompsonscale.com Contact Webmaster Via Web Form Ser..."
0013x00002MlHahAAF,https://thompsonscale.com/support/service-location-information,"(713) 932-9071 (713) 932-9379. Thompson Scale Company 9000 Jameel, #190 Houston, TX 77040 USA"
0013x00002MlHahAAF,https://www.linkedin.com/company/thompsonscalecompany,"9000 Jameel Road Suite 190 Houston, Texas 77040, US Get directions Employees at Thompson Scale Company ... Thompson Scale Company | 44 followers on LinkedIn. ..."
0013x00002MlHahAAF,https://www.chamberofcommerce.com/united-states/texas/houston/industrial-equipment-supplier/2002771738-thompson-scale-company,"Thompson Scale Company located at 9000 Jameel Rd, Houston, TX 77040 - reviews, ratings, hours, phone number, directions, and more. ... Thompson Scale Company is located at 9000 Jameel Rd in Houston, Texas 77040. Thompson Scale Company can be contacted via phone at (713) 932-9071 for pricing, hours and directions. ... 4540 Kendrick Plaza Dr ..."
0013x00002MlHahAAF,https://www.industrynet.com/listing/1137580/thompson-scale-co,"Thompson Scale Co. is located in Houston, TX and is a supplier of Industrial Control Systems. FIND A SUPPLIER: ... Physical Address: 9000 Jameel Rd., Ste. 190 Houston, TX 77040. Mailing Address: 9000 Jameel Rd Ste 190 Houston, TX 77040-5061. Contact Information. Phone: 713-932-XXXX (click to view) 713-932-9071."
0013000000hMHOvAAO,https://www.bizapedia.com/tx/terra-net-communications-inc.html,"TERRA-NET COMMUNICATIONS, INC. is a Texas Domestic For-Profit Corporation filed on January 17, ... The companys principal address is 4287 Belt Line Rd., #171, Addison, TX 75001-4510. The company has 3 contacts on record. The contacts are Kambiz Raissifar from Addison TX, Richard Dan Northcutt from Addison TX, and Rick Northcutt from Addison TX ..."
0013000000hMHOvAAO,https://opencorporates.com/companies/us_tx/0800047313,"Free and open company data on Texas (US) company TERRA-NET COMMUNICATIONS, INC. (company number 0800047313), 4287 BELT LINE RD., #171, ADDISON, TX, 75001-4510 Changes to our website -- to find out why access to some data now requires a login, click here"
0013000000hMHOvAAO,https://www.sbcontract.com/contractor/1507835/terra-net-communications-in-addison-tx.htm,"Physical Address: 4287 BELTLINE ROAD, #361 ADDISON, Texas 75001-4510 USA . ... TERRA-NET COMMUNICATIONS, INC. 4287 BELTLINE RD., # 361 : ADDISON, Texas 75001-4510, USA: Tel: 972-991-6699: Fax: 972-991-6644: Found any discrepancies in your vendor profile? Request to update the information:"
0013000000hMHOvAAO,https://www.manta.com/c/mm3h4m1/terra-net-communications,"4287 Belt Line Road # 361 Addison, TX 75001 (972) 991-6699"
0013000000hMHOvAAO,https://www.mapquest.com/us/texas/terra-net-communications-419188738,"Terra Net Communications (972) 991-6699. More. Directions Advertisement. 4287 Belt Line Rd Addison, TX 75001 Hours (972) 991-6699 Also at this address. Armour Concrete LP. LANrev. M.Events. A R Management. Precision Water Technologies. Total Home Service. Apex Engineered Solutions ..."
0013x00002Ml3ArAAJ,https://opencorporates.com/companies/us_ga/16044090,"Free and open company data on Georgia (US) company GEORGIA AUTOMATION AND TECHNICAL ASSISTANCE INC (company number 16044090), 717 PRETORIA LANE, STATESBORO, GA, 30461 Changes to our website -- to find out why access to some data now requires a login, click here"
0013x00002Ml3ArAAJ,https://georgiaautomation.com/,"For quality automation components and superior customer service, reach out to Georgia Automation, located in Conyers, Georgia. (770) 388-7300 sales@gaauto.com Facebook"
0013x00002Ml3ArAAJ,https://georgiaautomation.com/contact/,"Contact us about automation components today. From motion controls, to pneumatics, safety and sensing, we can supply all of your automation needs. ... Georgia Automation, Inc. 440 Gees Mill Business CT NE Conyers, GA 30013-1569. Phone: (770) 388-7300 Fax: (770) 388-7060 Toll Free: (800) 448-4191. Follow; Follow; Contact Form. Company."
0013x00002Ml3ArAAJ,https://georgiaautomation.com/about-us/,"Read about Georgia Automation, Inc., leading distributor of electronic and pneumatic automation equipment. Contact us online or call (770) 388-7300. (770) 388-7300 sales@gaauto.com. Facebook; ... Georgia Automation increased their efforts to help us save money so we could remain a strong contender in the textile machinery market. ..."
0013x00002Ml3ArAAJ,https://craft.co/georgia-automation,"Georgia Automation is a distributor of electronic and pneumatic automation equipment. The Companys products comprise AC/DC drivers, barcode readers, cables and cordsets, check valves, electrical connectors, cylinders, filters, gauges, light curtains, machine guards, pressure switchers, safety controllers, sensors, vacuum cups and more."
0013x00002Ml3mOAAR,https://www.emergentbiosolutions.com/contact-us/,"Corporate Office. 300 Professional Drive, Suite 400 Gaithersburg, MD 20879. Tel: 240-631-3200 Fax: 240-631-3203"
0013x00002Ml3mOAAR,https://www.fda.gov/media/148650/download,"Baltimore District (BLT-DO) 4/12/2021 - 4/20/2021 6000 Metro Dnve, Suite 101 Baltimore, MD 21215 FEI NUMBER. 410 779-5455 orabioins ectionalcorres ondence fda.hhs. ov 3015448605. NAME ANO TITLE OF ..."
0013x00002Ml3mOAAR,https://www.emergentbiosolutions.com/careers/locations/,"Located about 25 miles northwest of Washington, DC in the heart of Marylands biotech center, Gaithersburg is home to Emergents corporate office, and one of our research and development centers. Located in South Mississippi and nearby Camby Shelby, the largest US National Guard training bade east of the Mississippi river, Hattiesburg is ..."
0013x00002Ml3mOAAR,https://opengovus.com/sam-entity/N9DCUHYEUN26,"Emergent Manufacturing Operations Baltimore LLC (SAM# N9DCUHYEUN26) is an entity registered with U.S. General Services Administration (GSA), System for Award Management (SAM). The registration date is May 23, 2011."
0013x00002PmBmWAAV,https://www.emco-group.com/de/impressum/,"Erwin Muller GmbH Breslauer Strasse 34-38 49808 Lingen (Ems) Germany Tel: +49 591 / 9140 - 0 Fax: +49 591 / 9140 - 811 info@emco.de. Rechtlicher Hinweis: Sitz: Lingen AG Osnabruck HRB 100 773, USt-IdNr. DE 117 328 037, USt St-Nr. 61/200/21381, ... Erwin Muller GmbH Breslauer Strasse 34-38 49808 Lingen (Ems) Fon: +49 591 / 9140 0 ..."
0013x00002PmBmWAAV,https://www.emco-group.com/en/contact/,Your contact to us. Erwin Muller GmbH. Breslauer Strasse 34-38. 49808 Lingen (Ems) +49 591 / 9140 0. Leave us a message or call us directly.
0013x00002PmBmWAAV,https://www.emco-group.com/en/imprint/,"Erwin Muller GmbH Breslauer Strasse 34-38 49808 Lingen (Ems) Germany Tel: +49 591 / 9140 - 0 Fax: +49 591 / 9140 - 811 info@emco.de. Disclaimer Sitz: Lingen AG Osnabruck HRB 100 773, USt-IdNr. DE 117 328 037, USt St-Nr. 61/200/21381, CEO/Managing director: Christian Gnass CFO/Managing director: Dipl.-Kfm. Daniel Sobhan-Sarbandi. Exclusion ..."
0013x00002PmBmWAAV,https://www.emco-bath.com/en/imprint/,"Breslauer Strasse 34-38 49808 Lingen (Ems) Germany Tel.: +49 591 / 9140 - 0 Fax: +49 591 / 9140 - 811 ... This information is the property of Erwin Muller Gruppe Lingen. At the time of publication, it represents the most up-to-date information in each case. ... emco Bad GmbH. Breslauer Strasse 34-38 49808 Lingen (Ems) Germany. Tel: +49 591 ..."
0013x00002PmBmWAAV,https://de.linkedin.com/company/erwin-müller-gmbh,"Breslauer Strasse 34-38 Lingen (Ems), Lower Saxony 49808, DE Wegbeschreibung Beschaftigte von emco Group Hector Carrasco Director General Regional LATAM en Grupo EMCO ... Lingen, Niedersachsen SW - Schwabische Werkzeugmaschinen Maschinenbau Schramberg - Waldmossingen, Deutschland ..."
0013x00002Ml4QOAAZ,https://www.mapquest.com/us/michigan/hutchinson-corp-356828998,"Get more information for Hutchinson Corp in Grand Rapids, MI. See reviews, map, get the address, and find directions. Search MapQuest. Hotels. ... (616) 459-4541. Website. More. Directions Advertisement. 460 Fuller Ave NE Grand Rapids, MI 49503 Open until 4:30 PM. Hours. Mon 7:30 AM - ..."
0013x00002Ml4QOAAZ,https://www.mapquest.com/us/michigan/hutchinson-corporation-437232166,"Get more information for Hutchinson Corporation in Grand Rapids, MI. See reviews, map, get the address, and find directions. Search MapQuest. Hotels. Food. Shopping. Coffee. Grocery. Gas. Hutchinson Corporation. Open until 11:59 PM (616) 459-4541. Website. More. Directions Advertisement. 460 Fuller Ave NE Grand Rapids, MI 49503 Open until 11:59 ..."
0013x00002Ml4QOAAZ,https://www.hutchinsonavspurchasing.com/about/locations,"With plants in both Upper and Lower Michigan, Hutchinson Antivibration Purchasing is ready to partner with suppliers throughout the state and beyond. You can find contact and location information for our Grand Rapids and Cadillac locations below. ... Call us today at 616-459-4541! 460 Fuller Ave NE Grand Rapids, MI, 49503 (616) 459-4541 ..."
0013x00002Ml4QOAAZ,https://www.hutchinsonavspurchasing.com/about/contacts,"If you need to get in touch with a department at Hutchinson Antivibration, please use this page as a resource. Home; About. About Us; Org Chart; Contacts; ... Grand Rapids, MI 49512. PH: 616-554-5370 After Hours Cell: 616-541-3723 (Joel) 616-541-3705 (Will) ... 460 Fuller Ave NE Grand Rapids, MI, 49503 (616) 459-4541 ..."
00130000014KAwHAAW,https://netconenterprises.com/contact-us/,"Contact Us | Netcon Enterprises, Inc.Contact Us. to Learn More About our Wire Harness Assembly & Manufacturing ServicesDo you have questions about our Netcon Enterprises | Waterford, MI | (248) 673-7855 | info@netconinc.net"
00130000014KAwHAAW,https://netconenterprises.com/,"Netcon Enterprises is an ISO 9001:2015 registered, IATF 16949 compliant company located in Waterford, MI and our years of wire harness manufacturing experience and knowledge allows us to design efficient assembly processes for every product, with quality built into every part we ship. At our company, we believe that industrial wire harness ..."
00130000014KAwHAAW,https://www.zoominfo.com/c/netcon-enterprises-inc/355332477,"5085 Williams Lake Rd Ste A, Waterford, Michiga... Phone Number (248) 673-7855 ... Experience the excellence of wire harness manufacturing and contract manufacturing services with Netcon Enterprises. Contact us today to discuss your project requirements and let us be your reliable partner in achieving success. ... Netcon Enterprisess ..."
00130000014KAwHAAW,https://www.manta.com/c/mmlz9ks/netcon-enterprises,"Our records show it was established in 1985 and incorporated in MI. Current estimates show this company has an annual revenue of 1000000 and employs a staff of approximately 25. Contact. Netcon Enterprises. 5085 Williams Lake Road # A. Waterford, MI 48329. (248) 673-7855. Visit Website."
00130000014KAwHAAW,https://411.info/business/Netcon-Enterprises-Inc-Waterford-MI-11963845,"Netcon Enterprises Inc at 5085 Williams Lake Rd, Ste A in Waterford, MI. Read about, contact, get directions and find other Wire Harnesses Electrical. Tel: (248) 673-7855, 2486737855"
0013x00002Ml5iUAAR,https://www.mapquest.com/us/indiana/agricor-6175917,"Get more information for Agricor in Marion, IN. See reviews, map, get the address, and find directions. ... (765) 662-0606. Website. More. Directions Advertisement. 1626 S Joaquin Dr Marion, IN 46953 Opens at 9:00 AM. Hours. Mon 9:00 AM ... Also at this address. Grain Millers. Find Related Places. Places To Eat. Own this business? ..."
0013x00002Ml5iUAAR,http://agricor.org/,"Quality dry-milled corn products. We are proud millers of Certified Organic, Non-GMO and conventional dry-milled corn products that we sell to food, industrial, companion animal and feed customers worldwide. We believe customers like you want to know where your food comes from, and weve made the right investments in our people and facilities ..."
0013x00002Ml5iUAAR,https://www.yellowpages.com/marion-in/mip/agricor-inc-6467219,"Marion; Corn Products; Agricor Inc; ... Be the first to review! Add Hours. 13 Years. in Business. Accredited. Business (765) 662-0606 Visit Website Map & Directions 1626 S Joaquin Dr Marion, IN 46953 Write a Review. Is this your business? Customize this page. Claim This Business ... Address: 1626 S Joaquin Dr, Marion, IN 46953. Website: http ..."
0013x00002Ml5iUAAR,https://www.chamberofcommerce.com/united-states/indiana/marion/mill/2003220654-agricor-inc,"AboutAgricor Inc. Agricor Inc is located at 1626 S Joaquin Dr #9633 in Marion, Indiana 46953. Agricor Inc can be contacted via phone at (765) 662-0606 for pricing, hours and directions."
0013x00002Ml68cAAB,https://www.mapquest.com/us/illinois/cid-recycling-disposal-facility-355408168,"Get more information for Cid Recycling & Disposal Facility in Chicago, IL. See reviews, map, get the address, and find directions. Search MapQuest. Hotels. Food. ... More. Directions Advertisement. 13707 S Jeffery Ave Chicago, IL 60633 Opens at 9:00 AM. Hours. Mon 9:00 AM -6:00 ..."
0013x00002Ml68cAAB,https://www.chamberofcommerce.com/business-directory/illinois/chicago/garbage-collection-service/2005968991-cid-recycling-disposal,"CID Recycling & Disposal is located at 13707 S Jeffery Ave in Chicago, Illinois 60633. CID Recycling & Disposal can be contacted via phone at 773-646-1113 for pricing, hours and directions."
0013x00002Ml68cAAB,https://www.bbb.org/us/il/chicago/profile/not-elsewhere-classified/cid-recycling-and-disposal-facility-0654-1000061466,"1 At the top of your Chrome or Firefox window, near the web address, click the green lock. 2 In the window that pops up, make sure Location is set to Allow or Ask. 3 Thats all you need."
0013x00002Ml68cAAB,https://www.manta.com/c/mmqxgvt/cid-recycling-disposal-facility,"13707 South Jeffery Avenue Chicago, IL 60633 . 13707 South Jeffery Avenue ... Chicago, IL 60633 (773) 646-3099 Visit Website ..."
0013x00002Ml6CKAAZ,http://www.rhodewell.com/,"Rhodewell Industrial Inc. was founded in 2008, we started with offering expert technical support and services for a wide range of hydraulic systems, then we became an authorized service center ..."
0013x00002Ml6CKAAZ,http://www.rhodewell.com/index.php?option=com_content&view=article&id=157&Itemid=172,"The Rhodewell Industrial Inc. has been officially registered in Houston, Texas, USA on September 2014, our new Houston office is located in 9999 Bellaire Blvd., suite 900, we are now closer to all our business partners and suppliers in Oil & Gas and we now do the shipping and handling directly from Houston."
0013x00002Ml6CKAAZ,https://www.zoominfo.com/c/rhodewell-industrial-inc/369370569,"The Rhodewell Industrial Inc. has been officially registered in Houston, Texas, USA on September 2014, our new Houston office is located in 9999 Bellaire Blvd., suite 900, we are now closer to all our business partners and suppliers in Oil & Gas and we now do the shipping and handling directly from Houston. Read More"
0013x00002Ml6CKAAZ,https://www.bizapedia.com/tx/rhodewell-industrial-inc.html,"RHODEWELL INDUSTRIAL INC is a Texas Domestic For-Profit Corporation filed on September 18, 2014. The companys filing status is listed as In Existence and its File Number is 0802066609 . The Registered Agent on file for this company is Cmcd LLC and is located at 9999 Bellaire Blvd #900, Houston, TX 77036."
0013x00002Ml6hYAAR,https://greaterlouisvillekycoc.weblinkconnect.com/Utilities/Louisville-Jefferson-County-Metropolitan-Sewer-District-397,"Louisville & Jefferson County Metropolitan Sewer District. 700 West Liberty Street. Louisville, KY 40203 | View on Google Maps. (502) 540-6000 | fax: (502) 540-6106. Visit Site. Connect With Us. Louisville MSD works to achieve and maintain clean, environmentally safe waterways for a healthy and vibrant community. The organizations more than ..."
0013x00002Ml6hYAAR,https://www.mapquest.com/us/kentucky/louisville-jefferson-county-metropolitan-sewer-d-550904065,"Get more information for Louisville & Jefferson County Metropolitan Sewer D in Louisville, KY. See reviews, map, get the address, and find directions. ... Directions Advertisement. 700 W Liberty St Louisville, KY 40203 Hours (502) 582-9189 Also at this address. M S D Federal Credit Union ..."
0013x00002Ml6hYAAR,https://www.mapquest.com/us/kentucky/louisville-jefferson-county-metropolitan-sewer-district-356999481,"Get more information for Louisville/Jefferson County Metropolitan Sewer District in Louisville, KY. ... (502) 540-6000. Website. More. Directions Advertisement. 700 W Liberty St Louisville, KY 40203 Opens at 9:00 AM. Hours ... The Louisville/Jefferson County Metropolitan Sewer District was formed to take over the operation and maintenance of ..."
0013x00002Ml6hYAAR,https://web.greaterlouisville.com/Utilities,"700 West Liberty Street Louisville, KY 40203 1911 (502) 540-6000. Louisville/Jefferson County Metropolitan Sewer District (Louisville MSD) manages wastewater, drainage and flood protection for most of Louisville Metro. ... 614 W. Main St. Louisville, KY 40202. 502.625.0000."
0013x00002Ml6hYAAR,https://www.kentucky.gov/government/Pages/LocalProfile.aspx?Title=Jefferson+County+Metro+Sewer+District,"Jefferson County Metro Sewer District. Visit Website address 700 W Liberty St. Louisville, KY 40203 Get Directions phone (502) 540-6000. About. Government. Business; Education; Employment ... 700 W Liberty St. Louisville, KY 40203 Get Directions phone (502) 540-6000. About. Government. Business;"
0013x00002GjN1HAAV,https://www.chamberofcommerce.com/business-directory/california/irvine/fire-protection-service/3864631-consolidated-fire-protection,"Consolidated Fire Protection is located at 153 Technology Dr Suite 200 in Irvine, California 92618. Consolidated Fire Protection can be contacted via phone at 949-727-3277 for pricing, hours and directions. ... A Consolidated Fire Protection is located at 153 Technology Dr Suite 200, Irvine, CA 92618. Q What is the internet address for ..."
0013x00002GjN1HAAV,https://www.mapquest.com/us/california/consolidated-fire-protection-275330248,"Get more information for Consolidated Fire Protection in Irvine, CA. See reviews, map, get the address, and find directions. Search MapQuest ... Consolidated Fire Protection (866) 556-4501. Website. More. Directions Advertisement. 153 Technology Dr Ste 200 Irvine, CA 92618 Hours (866) 556-4501 ... MX Holdings US, Inc. Suite 200. Consoldted Fire ..."
0013x00002GjN1HAAV,https://web.nafed.org/Fire-sprinkler-systems/Consolidated-Fire-Protection-5092,"153 Technology Drive Irvine, CA 92618 | View on Google Maps United States (949) 727-3277 | fax: (949) 861-6889 . 2024 Conference - Atlantic City - April 11-12. Apr 11, 2024 7:30 AM - 12:00 Noon. 2024 Conference - New Orleans - May 23-24. May 23, 2024 7:30 AM - 12:00 Noon. View All Events."
0013x00002GjN1HAAV,https://craft.co/consolidated-fire-protection-llc/locations,"United States. Irvine. 153 Technology Dr #200. HQ. United States. Richardson. 2929 N Central Expy #315. Consolidated Fire Protection Corporate Headquarters, Office Locations and Addresses | Craft.co."
0013x00002GjN1HAAV,https://www.cfpfire.com/,"We are in the process of installing access systems in our regional offices, and CFP has been a great partner to work with on that project. We appreciate their high level of communication and how they truly partner with us on these projects.. Service Express. 153 Technology Drive, Suite 200. Irvine, CA 92618."
0013x00002Ml6oTAAR,https://teknic.com/contact/,"If you have questions about our products, please contact us for more information. (tm) (tm) (tm) SUPPORT . ClearPath Getting Started; ClearPath Troubleshooting ... Teknic, Inc. 7650 Omnitech Place Victor, NY 14564 USA. Returns: 7640 Omnitech Place Victor, NY 14564 USA. Phone: +1 585 784 7454. 7650 Omnitech Place. Victor, NY 14564 USA. Returns ..."
0013x00002Ml6oTAAR,https://www.chamberofcommerce.com/united-states/new-york/victor/electronics-manufacturer/2004497030-teknic-inc,"AboutTeknic, Inc. Teknic, Inc. is located at 115 Victor Heights Pkwy in Victor, New York 14564. Teknic, Inc. can be contacted via phone at (585) 784-7454 for pricing, hours and directions."
0013x00002Ml6oTAAR,https://www.mapquest.com/us/new-york/teknic-417238424,"Get more information for Teknic in Victor, Town of, NY. See reviews, map, get the address, and find directions. Search MapQuest. Hotels. ... Teknic. Opens at 8:00 AM (585) 784-7454. Website. More. Directions Advertisement. 115 Victor Heights Pkwy Victor, Town of, NY 14564 Opens at 8:00 AM. Hours. Mon 8:00 AM ..."
0013x00002Ml6oTAAR,https://www.manta.com/c/mmg33fv/teknic-inc,"115 Victor Heights Parkway Victor, NY 14564 ... NY 14564 (585) 784-7454 Visit Website call. ... Reviews. About Contact Details Reviews. About. Teknic Inc. Services. Contact. Teknic Inc. 115 Victor Heights Parkway; Victor, NY 14564 (585) 784-7454 ..."
0013000000hMEAZAA4,https://www.mor-tv.com/article/contact-us/8352750,"Give us your feedback.Phone: (813) 740-3232Fax: (813) 626-1961Mailing Address:Tampa Bays MOR-TV7201 E. Hillsborough Ave, Tampa, FL. 33610CLICK HERE TO CONTACT MOR-TVWMOR-TV DIRECTORY:Engineering, Cris Wyatt or JR AzaravichCall: 813-740-3208EmailPresident & General Manager, Pam BarberCall: 813-740-3210EmailSales Opportunities, James HigelinCall ..."
0013000000hMEAZAA4,https://www.mapquest.com/us/florida/wmor-tv-26536900,"Get more information for Wmor-Tv in Tampa, FL. See reviews, map, get the address, and find directions. Search MapQuest. Hotels. Food. Shopping. Coffee. Grocery. Gas. Wmor-Tv. Opens at 9:00 AM (813) 740-3232. Website. More. Directions Advertisement. 7201 E Hillsborough Ave Tampa, FL 33610 Opens at 9: ... Let us know. You might also like. ..."
0013000000hMEAZAA4,https://floridaparcels.com/property/39/1929021MMB0000000156AU,"7201 E HILLSBOROUGH AVE TAMPA, FL 33610 . 2015 Assessment: HEARST PROPERTIES INC ... changed from WMOR - TV 7201 E HILLSBOROUGH AVE TAMPA, FL 33610 . 11 / 2014: Office buildings, non-professional service buildings, multi-story ... Other Property By Owner Search NJParcels.com for Owner Name Search NJParcels.com for Owner Address. Search by GPS ..."
0013000000hMEAZAA4,https://www.chamberofcommerce.com/united-states/florida/tampa/television-station/2004662078-wmor,"WMOR is located at 7201 E Hillsborough Ave in Tampa, Florida 33610. WMOR can be contacted via phone at (813) 740-3232 for pricing, hours and directions."
0013000000hMEAZAA4,https://www.apartments.com/meridian-pointe-tampa-fl/tjcsc08/,"See all available apartments for rent at Meridian Pointe in Tampa, FL. Meridian Pointe has rental units ranging from 943-1329 sq ft starting at $1126. ... FL. The premium E. Hillsborough Ave setting in the 33610 area of Tampa is a unique place for you to move. Be sure to see the current floorplan options. ... Property Address: 2450 E ..."
0013x00002Ml9bFAAR,https://www.oceanspray.com/en/Contact-Us,"Write Us. Ocean Spray Cranberries. Consumer Affairs. Post Office Box 2253. Kings Mountain, NC 28086. For Business Inquiries, please contact our corporate offices in Lakeville-Middleboro, Massachusetts at (508) 946-1000 Weekdays, 9:00 a.m. to 4:00 p.m. Eastern Standard Time."
0013x00002Ml9bFAAR,https://www.mapquest.com/us/texas/ocean-spray-9127915,"419 Industrial Dr E Sulphur Springs, TX 75482 Opens at 9:00 AM. Hours. Mon 9:00 AM -6 ... Ocean Spray Cranberries is a branch of Ocean Spray, an agricultural cooperative owned by more than 650 cranberry growers in Massachusetts, Wisconsin, New Jersey, Oregon, Washington, British Columbia and other parts of Canada as well as more than 100 ..."
0013x00002Ml9bFAAR,https://www.yellowpages.com/sulphur-springs-tx/mip/ocean-spray-cranberries-inc-5426993,"Get reviews, hours, directions, coupons and more for Ocean Spray Cranberries Inc. Search for other Bottles-Wholesale & Manufacturers on The Real Yellow Pages(r). ... 885-8676 Visit Website Map & Directions 419 Industrial Dr E Sulphur Springs, TX 75482 Write a Review. Is this your business? ... Address: 419 Industrial Dr E, Sulphur Springs, TX ..."
0013x00002Ml9bFAAR,https://www.chamberofcommerce.com/united-states/texas/sulphur-springs/agricultural-cooperative/6611407-ocean-spray-cranberries-inc,"Ocean Spray Cranberries Inc is located at 419 Industrial Dr E in Sulphur Springs, Texas 75482. Ocean Spray Cranberries Inc can be contacted via phone at (903) 885-8676 for pricing, hours and directions."
001a000001feerSAAQ,https://www.mapquest.com/us/ohio/building-620-wpafb-482736538,"Get more information for Building 620 - Wpafb in Dayton, OH. See reviews, map, get the address, and find directions. Search MapQuest. Hotels. Food. Shopping. Coffee. Grocery. Gas. Building 620 - Wpafb. Share. More. Directions Advertisement. 2241 Avionics Cir Dayton, OH 45433 Hours. Also at this address ... we called. They tried to fit us in the ..."
001a000001feerSAAQ,https://www.mapquest.com/us/ohio/air-force-research-lab-482839024,"Get more information for Air Force Research Lab in Dayton, OH. See reviews, map, get the address, and find directions. Search MapQuest. Hotels. Food. Shopping. Coffee. Grocery. Gas. Air Force Research Lab (937) 255-4827. More. Directions Advertisement. 2241 Avionics Cir Dayton, OH 45433 Hours (937) 255-4827 Also at this address."
001a000001feerSAAQ,https://www.wrightpattfss.com/fss-facility-directory,"2241 Avionics Cir., Bldg. 620 Area B Wright Patterson AFB, OH 45433 Restricted Access (937) 656-0300. Open for Wingmans Grab & Go Hours of Operation: Tuesday - Thursday: 7 a.m. - 1 p.m. Closed: Monday, Friday, Saturday, Sunday, Family Days, & Federal Holidays"
