001a000001Zw6H7AAJ,https://gb.kompass.com/c/centralp/fr1961906/,Legal information - CENTRALP. Type: Headquarters - Factory: Year established: 1971: Legal form: ... Visit address 21 RUE MARCEL PAGNOL 69200 VENISSIEUX France. Postal address 69694 VENISSIEUX CEDEX France. General Information - CENTRALP. ... NAF Rev.2 (FR 2008) : ...
001a000001Zw6H7AAJ,https://fr.kompass.com/c/centralp/fr1961906/,CENTRALP est une entreprise situee a VENISSIEUX. Letablissement est specialise dans la conception et la fabrication de cartes electroniques embarquees. ... Rhone-Alpes / Rhone ... Adresse de visite 21 RUE MARCEL PAGNOL 69200 VENISSIEUX France. Adresse postale 69694 VENISSIEUX CEDEX France. Informations generales - CENTRALP ...
001a000001Zw6H7AAJ,https://www.pagesjaunes.fr/pros/00467363,"Centralp Automatismes. Materiel, composants delectronique (fabrication, gros) Presentation Horaires Avis Contact INSEE. Afficher le numero. 21 rue Marcel Pagnol 69200 Venissieux - Y aller. www.centralp.fr. Voir plus de coordonnees."
001a000001Zw6H7AAJ,https://www.zoominfo.com/c/centralp/348181023,"Centralps headquarters are located at 21 Rue Marcel Pagnol, Venissieux, Auvergne-Rhone-Alpes, 69200, France What is Centralps phone number? ... Centralp contact info: Phone number: +33 472783510 Website: www.centralp.fr What does Centralp do? CENTRALP - design and production specialist of high-performance and reliable embedded solutions, is ..."
0013x00002PmA6SAAV,https://www.gbneuhaus.de/en/welcome.html,Since our company was founded in 1991 we have been producing at our location in Neuhaus am Rennweg in the district of Sonneberg in Thuringia. ... GBneuhaus GmbH Am Herrnberg 10 98724 Neuhaus am Rennweg | Germany Phone: +49 3679 726030 Fax: +49 3679 726033 info@gbneuhaus.de. GB neuhaus bei obenauf. Contact ...
0013x00002PmA6SAAV,https://gbneuhaus.de/en/contacts.html,GBneuhaus GmbH Am Herrnberg 10 98724 Neuhaus am Rennweg | Germany Phone: +49 3679 726030 Fax: +49 3679 726033 info@gbneuhaus.de. GB neuhaus bei obenauf. Contact ...
0013x00002PmA6SAAV,https://www.gbneuhaus.de/de/,Seit Grundung unseres Unternehmens 1991 produzieren wir am Standort Neuhaus am Rennweg im Landkreis Sonneberg in Thuringen. ... GBneuhaus GmbH Am Herrnberg 10 98724 Neuhaus am Rennweg Telefon: +49 3679 726030 Fax: +49 3679 726033 info@gbneuhaus.de. GB neuhaus bei obenauf. Kontakt ...
0013x00002PmA6SAAV,https://www.linkedin.com/company/gbneuhaus-gmbh,"GBneuhaus GmbH | 1,001 followers on LinkedIn. ... Neuhaus am Rennweg, Thuringia 98724, DE Get directions ... Am Herrnberg 10 Neuhaus am Rennweg, Thuringia 98724, DE Get directions Employees at ..."
0013x00002PmA8PAAV,https://www.kraftanlagen.com/impressum/,Anschrift. Kraftanlagen Energies & Services SE Ridlerstrasse 31c 80339 Munchen Deutschland. Telefon: +49 89 6237-0 Telefax: +49 89 6237-223 E-Mail: contact@kraftanlagen.com
0013x00002PmA8PAAV,https://web2.cylex.de/firma-home/kraftanlagen-energies-_-services-gmbh-11120863.html,"Kraftanlagen Energies & Services GmbH Ridlerstr. in Munchen,  089 623..., Anfahrtsplan, ... Kraftanlagen Energies & Services GmbH, Munchen . ... Kraftanlagen Energies & Services GmbH . Ridlerstrasse 31c, 80339 Munchen. 089 6237-0 . 089 6237-223 . www.kraftanlagen.com. Nachricht senden. Bearbeiten Sie die in diesem Feld angezeigten ..."
0013x00002PmA8PAAV,https://www.gelbeseiten.de/gsbiz/c608de9e-4e0c-42bd-9b43-941b5f7839d9,"Kraftanlagen Energies & Services GmbH auf gelbeseiten.de  Adresse  Telefonnummer Alles auf einen Klick. ... Ridlerstr. 31C, 80339 Munchen-Schwanthalerhohe. 089 6 23 70. 089 6 23 72 23. Webseite. Anfahrt mit Bus und Bahn. ... Einfach die passenden Kontaktmoglichkeiten wie Adresse oder Mail in unserem Kontaktdaten-Bereich auswahlen."
0013x00002PmA8PAAV,https://www.linkedin.com/company/kraftanlagengruppe,"Munchen, Bayern 80339, DE ... In diesem Zusammenhang kommt es zur Umfirmierung der Kraftanlagen Munchen GmbH zur Kraftanlagen Energies & Services GmbH (SE seit dem 16. ... Ridlerstrasse 31c"
0013x00002PmA8PAAV,https://branchenbuch.meinestadt.de/muenchen/company/9027328,"Kraftanlagen Energies & Services SE in Munchen im Branchenbuch von meinestadt.de - Telefonnummer, Adresse, Stadtplan, Routenplaner und mehr fur Kraftanlagen Energies & Services SE Munchen"
0013x00002PmA8mAAF,https://www.mbm-industrie.de/kontakt/,"Unser fortschrittlich ausgestatteter Fertigungsbetrieb liegt etwa 70 km ostlich von Munchen im Landkreis Muhldorf (an der B12/A94 in Richtung Passau). Munchener Strasse 84. D-84453, Muhldorf am Inn. Telefon: +49 (0)8631 / 605-0. Telefax: +49 (0)8631 / 605-500. E-Mail: mail@mbm-industrie.de. Mit dem Laden der Karte akzeptieren Sie die ..."
0013x00002PmA8mAAF,https://www.mbm-industrie.de/unternehmen/,"Nach und nach kamen Produktionsstatten, Gerate und Maschinen hinzu. Heute heisst das fur jeden Kunden perfekte Arbeiten nach Mass. Die Firma MBM Industrie GmbH bietet massgeschneiderte Automatisierungslosungen oder Sondermaschinen fur viele Bereiche der Industrie. Unser Werk befindet sich im Osten Bayerns in der Kreisstadt Muhldorf am Inn."
0013x00002PmA8mAAF,https://de.kompass.com/c/mbm-maschinenbau-muhldorf-gmbh/de642146/,Kontaktangaben: MBM Maschinenbau Muhldorf GmbH. Munchener Strasse 84. 84453 Muhldorf am Inn. Deutschland. Firma anrufen. Angebot anfordern. Fax +49 86316 055 00.
0013x00002PmA8mAAF,https://www.11880.com/branchenbuch/muehldorf-am-inn/251093550B26774352/mbm-maschinenbau-muehldorf-gmbh.html,Maschinenbau & Stahlbau |  Offnungszeiten | Adresse |  Telefonnummer | Munchener Str. 84 - 84453 Muhldorf. 11880.com. ... Hier finden Sie die Offnungszeiten von MBM Maschinenbau Muhldorf GmbH in Muhldorf am Inn. Montag: 08:00-16:00 ... Stahlbau. Bewertungen und Erfahrungsberichte. Fur MBM Maschinenbau Muhldorf GmbH in Muhldorf am ...
0013x00002PmAISAA3,https://de.kompass.com/c/pintsch-bubenzer-gmbh/de619591/,Rheinland-Pfalz ... (Sieg) / PINTSCH BUBENZER GmbH PINTSCH BUBENZER GmbH. Meine Firmendaten aktualisieren; Kontaktangaben: PINTSCH BUBENZER GmbH. Friedrichshuttenstr. 1 57548 Kirchen-Wehbach. Deutschland. Firma anrufen. Firma anrufen. x---Service Anrufkosten * Diese Telefonnummer steht Ihnen fur 5 min zur Verfugung. ...
0013x00002PmAISAA3,https://www.wer-zu-wem.de/firma/pintsch-bubenzer.html,Adresse DELLNER BUBENZER GERMANY GmbH Friedrichshuttenstr. 1 57548 Kirchen (Sieg) Kreis: Altenkirchen (Westerwald) Bundesland: Rheinland-Pfalz. Kontakt Telefon: 02741-9488- Web: www.dellnerbubenzer.com Geschaftsfuhrer Jan Willem Schoneveld Kai Kolker. Kostenloses Firmenprofil.
0013x00002PmAISAA3,https://www.dasoertliche.de/Themen/PINTSCH-BUBENZER-GmbH-Kirchen-Sieg-Wehbach-Friedrichshüttenstr,">>PINTSCH BUBENZER GmbH<< in 57548 Kirchen (Sieg)-Wehbach, Friedrichshuttenstr. 1 - Telefonnummer direkt gratis anrufen , Adresse im Stadtplan zeigen und Route berechnen und beste Bewertungen finden oder direkt bewerten ... Friedrichshuttenstr. 1 57548 Kirchen (Sieg) - Wehbach Zum Kartenausschnitt Routenplaner Bus & Bahn. Telefon: 02741 94 ..."
0013x00002PmAISAA3,https://www.11880.com/branchenbuch/kirchen-sieg/250772337B27838379/pintsch-bubenzer-gmbh.html,"Hersteller, Autoteil-Grosshandel & Fahrzeugbau | Adresse |  Telefonnummer | Friedrichshuttenstr. 1 - 57548 Kirchen. 11880.com. Gratis: Ihre Firma eintragen ... Fur PINTSCH BUBENZER GmbH in Kirchen, Sieg sind noch keine Bewertungen abgegeben worden. Wenn Sie Erfahrungen mit diesem Unternehmen gesammelt haben, teilen Sie diese hier mit ..."
00130000010eDs3AAE,https://www.mapquest.com/us/california/general-atomics-aeronautical-279492159,"Get more information for General Atomics Aeronautical in San Diego, CA. See reviews, map, get the address, and find directions. ... Coffee. Grocery. Gas. General Atomics Aeronautical (858) 762-6700. Website. More. Directions Advertisement. 16761 Via del Campo Ct San Diego, CA 92127 Hours (858) 762-6700 ... Aeronautical Systems Inc. GA-RSG. Genl ..."
00130000010eDs3AAE,https://www.ga-asi.com/,"On Feb. 27, 2024, General Atomics Aeronautical Systems, Inc. (GA-ASI), in cooperation with the Naval Air Systems Command (NAVAIR), conducted a series of tests on GA-ASIs Sonobuoy Dispensing System (SDS) using the MQ-9B SeaGuardian(r) Unmanned Aircraft System (UAS) on the U.S. Navys W-291 test range in southern California."
00130000010eDs3AAE,https://www.ga.com/contact,"Corporate Address 3550 General Atomics Court San Diego, CA 92121-1122 (858) 455-3000"
00130000010eDs3AAE,https://www.ga-asi.com/contact,"General Atomics Aeronautical Systems, Inc. (GA-ASI) 14200 Kirkham Way. Poway, CA 92064. (858) 312-2810."
0013000000qZBprAAG,https://health.hawaii.gov/amhd/contact-us/,"The Adult Mental Health Division is located at: 1250 Punchbowl Street, Room #256 Honolulu, Hawaii 96813Our mailing address is: P.O. Box 3378 Honolulu, HI 96801-3378Phone: (808) 586-4686 Fax: (808) 586-4745: View larger map and driving directions The Hawaii State Hospital is located at: 45-710 Keaahala Road Kaneohe, HI 96744-3597"
0013000000qZBprAAG,https://healthpias.hawaii.gov/amhd/contact-us/,"The Adult Mental Health Division is located at: 1250 Punchbowl Street, Room #256 Honolulu, Hawaii 96813Our mailing address is: P.O. Box 3378. Honolulu, HI 96801-3378. Phone: (808) 586-4686 Fax: (808) 586-4745: View larger map and driving directions The Hawaii State Hospital is located at: 45-710 Keaahala Road Kaneohe, HI 96744-3597"
0013000000qZBprAAG,https://health.hawaii.gov/amhd/hawaii-state-hospital-about-us/,"Our mission is to provide excellent inpatient psychiatric services for court ordered individuals within a safe and therapeutic environment. * Relevant, effective, quality, and multidisciplinary services. * Competent staff through relevant and appropriate training programs. * Responsive to the needs of our patients. * Supportive of staff."
0013000000qZBprAAG,https://npino.com/behavioral-health/1154752434-state-of-hawaii-department-of-health-adult-mental-health-division/,"The current location address for State Of Hawaii Department Of Health Adult Mental Health Division is 45-710 Keaahala Rd, , Kaneohe, Hawaii and the contact number is 808-236-8580 and fax number is 808-236-8590. The mailing address for State Of Hawaii Department Of Health Adult Mental Health Division is Po Box 3378, , Honolulu, Hawaii - 96801 ..."
0013000000qZBprAAG,https://npiprofile.com/npi/1154752434,"State Of Hawaii Department Of Health Adult Mental Health Division a provider in 45-710 Keaahala Rd Kaneohe, Hi 96744. ... Location Address: 45-710 KEAAHALA RD KANEOHE, HI 96744: Location Phone (808) 236-8580: Mailing Address: ... if you would like to update or remove your NPI Profile in this website please contact us."
0013x00002PmAQvAAN,https://www.prismat.de/en/contact/,"Wenn Sie unter 16 Jahre alt sind und Ihre Zustimmung zu freiwilligen Diensten geben mochten, mussen Sie Ihre Erziehungsberechtigten um Erlaubnis bitten."
0013x00002PmAQvAAN,https://www.linkedin.com/company/prismat,"prismat GmbH | 5,162 followers on LinkedIn. ... Stockholmer Allee 30 a-c Dortmund, Nordrhein-Westfalen 44269, DE Get directions Berliner Strasse 91 Ratingen, Nordrhein-Westfalen 40880, DE ..."
0013x00002PmAQvAAN,https://www.prismat.de/impressum-der-prismat-gmbh/,"Hier finden Sie das Impressum der Prismat Gmbh in Dortmund, vertreten durch Fin Geldmacher,Lars Gregor und Lothar Gruber ... prismat GmbH Stockholmer Allee 30a-c 44269 Dortmund. Handelsregister: 11232 Registergericht: Dortmund ... Kontakt. Telefon: +49 231 44 66 5 - 0 Telefax: +49 231 999 66 899 E-Mail: info@prismat.de. Umsatzsteuer-ID ..."
0013x00002PmAQvAAN,https://www.prismat.de/insights/ueber-prismat/,prismat GmbH Stockholmer Allee 30a-c 44269 Dortmund. Google Maps offnen Bielefeld prismat GmbH Herforder Str. 69 33602 Bielefeld. Google Maps offnen ... vertrieb@prismat.de Stockholmer Allee 30a-c D-44269 Dortmund. Kompetenzen Digital Supply Chain Lagerlogistik Automatisierung
0013x00002PmAQvAAN,https://branchenbuch.meinestadt.de/dortmund/company/2653748,prismat GmbH. Stockholmer Allee 30a-c. 44269 Dortmund. Anfahrt mit der Deutschen Bahn. Keine Offnungszeiten angegeben. 0231 446650. 0231 56763011. Firmenhomepage. info@prismat.de.
0013x00002PmAUOAA3,https://www.metawell.com/en/contact/,Metawell GmbH Schleifmuehlweg 31 86633 Neuburg / Donau info@metawell.com Tel.: +49 8431 / 6715-0 Fax: +49 8431 / 6715-791 Division Contact Person Phone Managing Director - Sales Mr. Fahrrolfes +49 8431 / 6715-0 Managing Director - Commercial Mr. Schiekel ... Metawell GmbH metal sandwich technology Schleifmuhlweg 31 86633 Neuburg / Donau ...
0013x00002PmAUOAA3,https://www.metawell.com/kontakt/,Metawell GmbH Schleifmuhlweg 31 86633 Neuburg / Donau info@metawell.com Tel.: 08431 / 6715-0 Fax: 08431 / 6715-791 Abteilung Ansprechpartner Telefon Geschaftsfuhrung - Vertrieb Herr Fahrrolfes 08431 / 6715-0 Geschaftsfuhrung - Kaufmannisch Herr Schiekel ... Metawell GmbH Schleifmuhlweg 31 86633 Neuburg / Donau: Frau Mares: Tel ...
0013x00002PmAUOAA3,https://www.metawell.com/impressum/,Metawell GmbH metal sandwich technology Schleifmuhlweg 31 86633 Neuburg / Donau Kontakt E-Mail: info@metawell.com Telefon: 08431 / 6715-0 Telefax: 08431 / 6715-791 Geschaftsfuhrer Herbert Fahrrolfes Michael Schiekel Dr. Klemens Wesolowski Handelsregister Registergericht Ingolstadt HRB 101714 Umsatzsteuer-ID Nummer DE813072865 Hinweis auf EU-Streitschlichtung Die Europaische Kommission ...
0013x00002PmAUOAA3,https://www.linkedin.com/company/metawell-gmbh,"Metawell GmbH | 528 followers on LinkedIn. ... Schleifmuhlweg 31 Neuburg, Bayern 86633, DE Get directions ... Neuburg, Bayern 86633, DE Get directions Employees at Metawell GmbH Katharina Schmidt ..."
0013x00002PmAVtAAN,https://www.stadtwerke-radolfzell.de/impressum/,Stadtwerke Radolfzell GmbH Postfach 1568 D - 78305 Radolfzell Hausanschrift: Stadtwerke Radolfzell GmbH Untertorstrasse 7 - 9 D - 78315 Radolfzell Telefon: +49 (0) 7732 8008 0 Telefax: +49 (0) 7732 8008 500 info@stadtwerke-radolfzell.de www.stadtwerke-radolfzell.de Rechtsform: Gesellschaft mit beschrankter Haftung (GmbH)
0013x00002PmAVtAAN,https://www.stadtwerke-radolfzell.de/,"Die Stadtwerke Radolfzell versorgen Radolfzell mit Strom, Gas, Wasser, Warme, Stadtbus und Internet. Energie & Wasser. Strom; Gas; Warme; Wasser; Internet. Glasfaseranschluss; VDSL-Anschluss ... Am 28.06.2024 lauft Radolfzell endlich wieder gemeinsam fur den guten Zweck."
0013x00002PmAVtAAN,https://www.stadtwerke-radolfzell.de/kontakt/,"Kundencenter Tel. 0 77 32 80 08 - 0. kundencenter@ stadtwerke-radolfzell.de Storungsnummern. Strom, Gas, Wasser, Warme Tel. 0 800 80 08 - 99 1. Internet und Telefonie"
0013x00002PmAVtAAN,https://branchenbuch.meinestadt.de/radolfzell-am-bodensee/company/501422229,"Stadtwerke Radolfzell GmbH in Radolfzell am Bodensee im Branchenbuch von meinestadt.de - Telefonnummer, Adresse, Stadtplan, Routenplaner und mehr fur Stadtwerke Radolfzell GmbH Radolfzell am Bodensee"
0013x00002PmAVtAAN,https://beteiligung.stadtwerke-radolfzell.de/impressum,Stadtwerke Radolfzell GmbH. Untertorstr. 7 - 9 78315 Radolfzell a. Bodensee . Kundencenter: Tel 0 77 32 / 80 08 - 0 beteiligung@stadtwerke-radolfzell.de
0013x00002Pm8syAAB,https://www.harrods.com/en-gb/plan-your-visit,"Plan Your Visit. Store Guide. H beauty. The Harrods name is synonymous with excellence; expect an exemplary level of care, outstanding personal service and a truly unique sense of magic. H. The Store. 87-135 Brompton Road Knightsbridge London SW1X 7XL."
0013x00002Pm8syAAB,https://find-and-update.company-information.service.gov.uk/company/00030209,"HARRODS LIMITED - Free company information from Companies House including registered office address, filing history, accounts, annual return, officers, charges, business activity. ... Registered office address 87/135 Brompton Road, London, SW1X 7XL . Company status Active"
0013x00002Pm8syAAB,https://www.harrods.com/en-gb/departments/harrods-food-halls/chocolate-hall,"Witness the spectacle of the Harrods Chocolaterie where chocolates are chef-made live on site, or peruse collections from other leading world-class chocolatiers. ... Harrods 87-135 Brompton Road Knightsbridge London SW1X 7XL. Opening Hours. Monday 10am - 9pm. Tuesday 10am - 9pm. ... 87-135 Brompton Road, Knightsbridge, London SW1X 7XL."
0013x00002Pm8syAAB,https://www.yelp.com/biz/harrods-london,"87-135 Brompton Road London SW1X 7XL United Kingdom. Suggest an edit. Is this your business? Claim your business to immediately update business information, respond to reviews, and more! Verify this business Explore benefits. Collections Including Harrods. 23. London, UK (Tourist Guide)"
0013x00002PmAZFAA3,https://www.evg-group.com/,DE ; EN ; Zhong Wen  ; FR ; Unternehmen. Uber uns; Aktuell; Compliance; ... EVG Lufttechnik GmbH und Serafima GmbH & Co.KG. kooperieren im Servicegeschaft ... Weiterlesen . 25.11.2022. EVG Skydive Ventilatoren fur Sportsdome Stuttgart Zuffenhausen. Weiterlesen . News Archiv. Kontakt. EVG Lufttechnik GmbH Zeppelinring 3-5 71735 Eberdingen ...
0013x00002PmAZFAA3,https://www.evg-group.com/en/contact/evg-locations/,"EVG Lufttechnik GmbH Zeppelinring 3-5 71735 Eberdingen-Hochdorf. Phone +49 7042 8750-0 Fax +49 7042 8750-27. E-Mail: info@evg-group.com. Company headquarters, development, design and production. Approach / Route planner (Google Maps)"
0013x00002PmAZFAA3,https://www.evg-group.com/kontakt/standorte/,"EVG Lufttechnik GmbH Zeppelinring 3-5 71735 Eberdingen-Hochdorf. Telefon +49 7042 8750-0 Telefax +49 7042 8750-27. E-Mail: info@evg-group.com Firmenzentrale, Entwicklung, Konstruktion und Produktion. Anfahrt / Routenplaner (Google Maps)"
0013x00002PmAZFAA3,https://de.linkedin.com/company/evg-lufttechnik-gmbh,"EVG Lufttechnik GmbH | 72 Follower:innen auf LinkedIn. EVG Lufttechnik GmbH is a company based out of 3 Zeppelinring, Eberdingen, Germany. ... Eberdingen, 71735, DE Wegbeschreibung Beschaftigte von EVG Lufttechnik GmbH ... Baden-Wurttemberg EVG | Eventures Group ..."
0013000000qZIkvAAG,https://www.facilities.uiowa.edu/building/0450,"Space Information. Building Number 0450. Building Name University Services Building. Building Address 1 West Prentiss Street. Building Abbreviation USB. Gross Square Foot 71,123 sq. ft. Year Built 1999. Ownership Owned."
0013000000qZIkvAAG,https://uiowa.edu/contact,"Find building addresses on the campus maps site. The Zip code for university addresses is 52242. The main university phone number is 319-335-3500. Dial 911 to report emergencies. ... Iowa City, Iowa 52242 319-335-3500 Contact Us Website Feedback Social Media. Facebook; Twitter; Instagram; Snapchat; YouTube;"
0013000000qZIkvAAG,https://www.facilities.uiowa.edu/contact-us,"For emergencies, call (319) 335-5071. For all other requests, use the FM@YourService portal: FM@YourService. Email: facilities-wcc@uiowa.edu Fax: 319-335-6498."
0013000000qZIkvAAG,https://printmail.fo.uiowa.edu/departmental-mailing-addresses,University Brand Manual; Contact Us; Breadcrumb. Home; Resources ... 100 Hawkins Dr Rm 247 CDD Iowa City IA 52242-1011 Registrar 1 Jessup Hall Iowa City IA 52242-1316 ... 200 University Services Bldg: Iowa City IA 52242-1922: T. Teaching and Learning Department: 259 Lindquist Center N: Iowa City IA 52242-1529:
0013000000qZIkvAAG,https://hr.uiowa.edu/contact,"Our mailing address is: University Human Resources. University Services Building. 1 West Prentiss Street. Iowa City, IA 52240. The UHR Welcome Center is open 8:00am-5:00pm, Monday through Friday. Find metered street parking along Prentiss and Capitol streets adjacent to USB, or use the universitys Recreation Center Lot (Lot 11). Use the public ..."
0013x00002Pm9irAAB,https://www.bechtle.com/ueber-bechtle/unternehmen/standorte/bechtle-bodensee-radolfzell,"Bechtle GmbH Bodensee - Standort Radolfzell. Schutzenstrasse 84. 78315 Radolfzell. Anfahrt. Geschaftsfuhrung. Joachim Keppeler. Geschaftsfuhrer. Der Standort im Uberblick. ... (Radolfzell am Bodensee, DE, 78315) Alle 945 Jobs bei Bechtle anzeigen Aktuelle Events in Radolfzell."
0013x00002Pm9irAAB,https://www.bechtle.com/de-en/about-bechtle/company/locations/bechtle-lake-constance-radolfzell,"Bechtle GmbH Lake Constance - Branch Radolfzell. Contact. Phone: +49 7732 82353-0. Fax: +49 7732 82353-99. E-mail: bodensee@bechtle.com. Get in touch. Address. Bechtle GmbH Lake Constance - Branch Radolfzell. Schutzenstrasse 84. 78315 Radolfzell. Directions. Management board. Joachim Keppeler. ... (Radolfzell am Bodensee, DE, 78315) See ..."
0013x00002Pm9irAAB,https://branchenbuch.meinestadt.de/radolfzell-am-bodensee/company/500855241,"Bechtle GmbH in Radolfzell am Bodensee im Branchenbuch von meinestadt.de - Telefonnummer, Adresse, Stadtplan, Routenplaner und mehr fur Bechtle GmbH Radolfzell am Bodensee. Rubrik auswahlen. Firmen Firma eintragen. ... Schutzenstrasse 84; 78315 Radolfzell am Bodensee;"
0013x00002Pm9irAAB,https://web2.cylex.de/firma-home/bechtle-it-systemhaus-radolfzell-6264730.html,"Schutzenstrasse 84; Geschaftsname: Bechtle GmbH; HR-Nr. HRB 381987; ... Die Firmenadresse lautet wie folgt: 78315 RADOLFZELL AM BODENSEE, Schutzenstrasse 84 ... im Register . 25.10.2010. Die Geschaftsanschrift wurde von Fritz-Arnold-Strasse 16a, 78467 Konstanz nach Schutzenstrasse 84, 78315 Radolfzell am Bodensee geandert ..."
0013x00002NF0zBAAT,https://www.potentiarenewables.com/contact-us/,"Potentia Renewables Inc. 200 Wellington Street West - Suite 1102 Toronto, Ontario, Canada M5V 3C7. TEL: (416) 703-1911 FAX: (416) 607-2218"
0013x00002NF0zBAAT,https://creeksidebess.ca/,"The proposed Project is a lithium-ion battery energy storage facility sized to provide up to 230 MW over four hours, (920 Megawatt-hours). It occupies approximately 15 acres of land located on the north side of Gilmour Road, east of County Road 1. An overview map of the project is on the right with a more detailed map below."
0013x00002NF0zBAAT,https://www.potentiarenewables.com/about-us/,"Potentia Renewables is headquartered in Toronto, Ontario and wholly owned by Power Sustainable Capital Inc., an affiliate of Power Corporation of Canada. Potentia Renewables Inc., a Toronto-based, federally incorporated, fully integrated developer, owner, asset manager and operator of renewable energy facilities."
0013x00002NF0zBAAT,https://potentiarenewables.com/projectstatus/development/,"Mailing Address Potentia Renewables Inc 200 Wellington Street West, Suite 1102 Toronto, Ontario M5V 3C7"
0013x00002NF0zBAAT,https://www.potentiarenewables.com/project/brightroof-solar/,"Mailing Address Potentia Renewables Inc 200 Wellington Street West, Suite 1102 Toronto, Ontario M5V 3C7"
0013000000qyxegAAA,https://iamsouthcentral.org/,"Phone: (615)226-6500; Email: info@scc-sda.org; Address: 715 Youngs Lane Nashville, TN 37207"
0013000000qyxegAAA,https://www.facebook.com/SCCAdventist/,"South Central Conference of Seventh-day Adventists, Nashville, Tennessee. 2,884 likes * 12 talking about this * 391 were here. South Central Headquarters, located in Nashville, TN. Our President,..."
0013000000qyxegAAA,https://www.adventistdirectory.org/ViewAdmField.aspx?AdmFieldID=SSCC,"South Central Conference: Parent Fields Southern Union ... Source: Address: Type: Conference (ALC) Updated: Thursday, August 18, 2022 Source: eAdventist Suggest Corrections or Updates to this Information ... 2024 General Conference of Seventh-day Adventists 12501 Old Columbia Pike Silver Spring, MD 20904-6600 USA. (If you encounter problems ..."
0013000000qyxegAAA,http://iamsouthcentral.tv/aboutus/,"South Central Conference, is headquarters for the ministry of Seventh-day Adventists in the states of Kentucky, Tennessee, Alabama, Mississippi, and the portion of Florida lying west of the Apalachicola River. This conference comprises of more than 29,000 members in 146 congregations. We are one of eight conferences located in the Southern ..."
0013000000qyxegAAA,https://www.mapquest.com/us/tennessee/greater-memphis-adventist-academy-5210205,Greater Memphis Adventist Academy. Opens at 7:45 AM. (901) 775-3960. Website.
0013000000qyk0JAAQ,https://www.kice.com/contact/,"Contact Kice Industries Contact us. ... require support or need a fast quote. Use the form below, or contact us by phone or email. Shop Now. Contact form ... upcoming trade shows and other news that may interest my company. More ways to get in touch. Kice Headquarters. 5500 N. Mill Heights Dr., Park City, KS 67219-2358; Phone: (316) 744-7151 ..."
0013000000qyk0JAAQ,https://kice.entermotion5.com/contact/,"Contact KICE INDUSTRIES HEADQUARTERS. 5500 N. Mill Heights Dr. Wichita, KS 67219-2358 Phone: (316) 744-7151 Fax: (316) 744-7355 Email: sales@kice.com"
0013000000qyk0JAAQ,https://www.linkedin.com/company/kice-industries-inc.,"5500 N. Mill Heights Drive Wichita, Kansas 67219, US Get directions 102 S. 29th St. Blackwell, Oklahoma 74631, US ... Kice Industries Inc. | 3,311 followers on LinkedIn. Turn-Key Solutions With ..."
0013000000qyk0JAAQ,https://www.zoominfo.com/c/kice-industries-inc/57233857,"Kice Industriess headquarters are located at 5500 N Mill Heights Dr, Wichita, Kansas, 67219, United States What is Kice Industriess phone number? ... Kice Industries contact info: Phone number: (316) 744-7151 Website: www.kice.com What does Kice Industries do?"
001a000001lkj2KAAQ,https://www.bbb.org/us/mo/jefferson-city/profile/communication/towner-communications-systems-0734-1000017842,"Contact Information. 2511 Industrial Dr # B. Jefferson City, MO 65109."
001a000001lkj2KAAQ,https://www.mapquest.com/us/missouri/tcs-towner-communications-systems-304820427,"Get more information for TCS (Towner Communications Systems) in Jefferson City, MO. See reviews, map, get the address, and find directions. Search MapQuest. Hotels. Food. Shopping. Coffee. ... More. Directions Advertisement. 2511 Industrial Dr Ste B Jefferson City, MO 65109 Open until 4:30 PM. Hours. Mon 8:00 AM -4:30 ..."
001a000001lkj2KAAQ,https://www.yelp.com/biz/tcs-jefferson-city,"in Electronics, Internet Service Providers, Mobile Phone Accessories. ... Started in 1947 by Vernon Towner as a radio and TV repair shop Towner Communications has quickly grown and expanded our services to encompass a variety of technologies. ... 2511 Industrial Dr Ste B Jefferson City, MO 65109. Suggest an edit. Browse Nearby. Coffee ..."
001a000001lkj2KAAQ,https://www.chamberofcommerce.com/business-directory/missouri/jefferson-city/telecommunications-contractor/4048195-towner-communications-systems-inc,"Towner Communications Systems, Inc located at 2511 Industrial Dr B, Jefferson City, MO 65109 - reviews, ratings, hours, phone number, directions, and more. Search . ... 2511 Industrial Dr B Jefferson City, MO 65109 573-634-3339; Owner Verified . Owner Verified . Listing Incorrect?"
001a000001Zw5yOAAR,https://www.clemessy.com/location,"Clemessy - Location. Home >. Profile >. Location. Thanks to its dense network of offices in nearly 50 countries, Eiffage Energie Systemes develops close relationships with its customers and provides the best possible answer to their requirements. Thanks to its dense network of offices in nearly 50 countries, Eiffage Energie Systemes develops ..."
001a000001Zw5yOAAR,https://www.clemessy.com/home,"Clemessy, la marque dEiffage Energie Systemes, federe lensemble des competences et expertises dediees au monde de lindustrie. De laudit a la conception, de lintegration a la realisation, de la mise en service a la maintenance, nos specialistes accompagnent lensemble des secteurs industriels, aussi bien au niveau des infrastructures et utilites que des process."
001a000001Zw5yOAAR,https://www.clemessy.com/en/contact,"Contact form. * I acknowledge having been informed that, in accordance with regulation 2016/679 of 27 April 2016, my surname, first name and email address are used solely by Eiffage to answer any questions and provide additional information. This processing is based on your consent. This data is kept for the time necessary to carry out the ..."
001a000001Zw5yOAAR,https://www.clemessy.com/implantations,"Trouver une agence Eiffage - Clemessy. Accueil >. Profil >. Nous trouver. Grace a son maillage dense dagences dans pres de 50 pays, Eiffage Energie Systemes tisse une relation de proximite et repond au plus juste aux enjeux de ses clients. Trouvez une agence pres de chez vous pour reponde au plus juste a vos besoins."
0010c0000218x04AAA,https://www.mapquest.com/us/indiana/riverside-manufacturing-llc-6164497,"Get more information for Riverside Manufacturing LLC in Fort Wayne, IN. See reviews, map, get the address, and find directions. ... Riverside Manufacturing LLC. Opens at 8:00 AM (260) 637-4470. Website. More. Directions Advertisement. 14510 Lima Rd Fort Wayne, IN 46818 Opens at 8:00 AM. Hours. Mon ... Let us know. You might also like. ..."
0010c0000218x04AAA,https://www.ntea.com/NTEA/Directory/DetailPage.aspx?ID=10755,"Riverside Mfg LLC 14510 Lima Rd Fort Wayne, IN 46818 UNITED STATES Phone: (260) 637-4470 Fax: ... Riverside Mfg LLC 14510 Lima Rd Fort Wayne, IN 46818 UNITED STATES Phone: (260) 637-4470 Fax: (260) 637-4472 www.riversidemfg.com: Member Info. NTEA Manufacturer Member since 1973. Full Address; 14510 Lima Rd Fort Wayne, IN 46818 UNITED STATES: Logo."
0010c0000218x04AAA,https://www.linkedin.com/company/riversidemfgllc,"14510 Lima Road Ft Wayne, Indiana 46218, US ... Fort Wayne, Indiana 46818, US Get directions 2309 Industrial Dr Sidney, OH 45365, US ... Riverside Mfg., LLC | 1,776 followers on LinkedIn ..."
0010c0000218x04AAA,https://www.chamberofcommerce.com/business-directory/indiana/fort-wayne/electronics-manufacturer/2344895-riverside-mfg-llc,"About Riverside Mfg., LLC. Riverside Mfg., LLC is located at 14510 Lima Rd in Fort Wayne, Indiana 46818. Riverside Mfg., LLC can be contacted via phone at 260-637-4470 for pricing, hours and directions."
0010c0000219iLOAAY,https://divelbiss.com/,"Divelbiss Corporation. 9778 Mt. Gilead Rd., Fredericktown, Ohio 43019. General Inquiries divelbiss@divelbiss.com Sales department sales@divelbiss.com Technical Support support@divelbiss.com; Local 740-694-9015 Toll Free 1-800-245-2327 Fax 740-694-9035"
0010c0000219iLOAAY,https://www.linkedin.com/company/divelbiss-corporation,"9778 Mount Gilead Rd Fredericktown, OH 43019, US Get directions Employees at Divelbiss Corporation ... Centrally located in Fredericktown Ohio, the Divelbiss engineering group, manufacturing, and ..."
0010c0000219iLOAAY,https://headquarterlocation.com/ohio/divelbiss-corporation-headquarters-corporate-office/,"9778 Mt Gilead Rd, Fredericktown, OH 43019, United States. Email: ... ..."
0010c0000219iLOAAY,https://www.thomasnet.com/company/divelbiss-corp-00037553/profile,"Divelbiss Corporation is ISO-9001:2008 with Design certified. Media Contact: Terry Divelbiss, President Divelbiss Corporation 9778 Mt. Gilead Rd, Fredericktown, Ohio 43019 Phone 800-245-2327 Fax 740-694-9035 terry.divelbiss@divelbiss.com www.divelbiss.com"
0013x00002PmB1jAAF,https://www.bueschel.de/de/kontakt/,"Blau gerahmte Felder sind Pflichtfelder . H. u. E. Buschel GmbH Feinschneidtechnik, Werkzeugbau Haimendorfer Str. 58 D-90571 Schwaig. Phone: +49 (0)911 / 50 620-0"
0013x00002PmB1jAAF,https://bueschel.de/,"Wir bringen Prazision in Form. Hochste Flexibilitat bei der Mitentwicklung, Fertigung und Weiterbearbeitung von Feinschneidtechnik ist unser Anspruch."
0013x00002PmB1jAAF,https://de.linkedin.com/company/büschel,Euro und langjahrige Geschaftsbeziehungen zu Unternehmen in der ganzen Welt stehen stellvertretend fur die Kontinuitat und den Erfolg von BUSCHEL. H. u. E. BUSCHEL GmbH Feinschneidtechnik * Werkzeugbau Haimendorfer Strasse 58 D-90571 Schwaig Telefon: 0911/50620- Fax: 0911/50620-90 E-Mail: info@bueschel.de Homepage: www.bueschel.de ...
0013x00002PmB1jAAF,https://www.bayern-international.de/en/company-database/company-details/h-u-e-bueschel-gmbh-1097/,"H. u. E. BUSCHEL GmbH Aerospace Industries & Satellite Navigation, Automotive Industry Short facts ... Haimendorfer Str. 58 PC / City 90571 Schwaig b. Nurnberg County Middle Franconia Phone +49 911 50620-0 Fax +49 911 50620-90 Email ..."
0013x00002PmBEwAAN,https://www.gag-ludwigshafen.de/,"Mundenheimer Strasse 182 | 67061 Ludwigshafen am Rhein 0621 - 56040 Mittwoch geschlossen. Montag 08:30 -12:30,13:30 - 16:30 ... vermietungsteam@gag-ludwigshafen.de. Mietbuchhaltung: 0621/5604-362 mietzahlung@gag-ludwigshafen.de. ... GAG Ludwigshafen am Rhein. Mundenheimer Strasse 182 67061 Ludwigshafen Tel: 0621 - 56040"
0013x00002PmBEwAAN,https://www.gag-ludwigshafen.de/impressum/,"Aktiengesellschaft fur Wohnungs-, Gewerbe- und Stadtebau. Mundenheimer Str. 182 67061 Ludwigshafen. Tel.: 0621 / 5604-0 Fax: 0621 / 5604-110. Vorstand: Wolfgang van Vliet. Registergericht: Ludwigshafen am Rhein HRB 1035. Redaktionell verantwortlich: GAG Ludwigshafen AG Torsten Schafer Offentlichkeitsarbeit und Projekte Mundenheimer Str. 182 ..."
0013x00002PmBEwAAN,https://www.gag-ludwigshafen.de/service/kontakt/,"Mundenheimer Strasse 182 | 67061 Ludwigshafen am Rhein 0621 - 56040 Mittwoch geschlossen. Montag 08:30 -12:30,13:30 - 16:30 ... GAG Ludwigshafen am Rhein. Mundenheimer Strasse 182 67061 Ludwigshafen ... 0621 - 56040 E-Mail: info@gag-ludwigshafen.de Impressum Datenschutz Informationspflicht zum Datenschutz. Anfahrt. Mit dem Laden der Karte ..."
0013x00002PmBEwAAN,https://www.gag-ludwigshafen.de/mieten/wohnungsantrag/,"Mundenheimer Strasse 182 | 67061 Ludwigshafen am Rhein 0621 - 56040 Mittwoch geschlossen. Montag 08:30 -12:30,13:30 - 16:30 ... Mit unserem Online-Formular konnen Sie uns Ihre Wunsche schnell und bequem mitteilen. ... GAG Ludwigshafen am Rhein. Mundenheimer Strasse 182 67061 Ludwigshafen Tel: 0621 - 56040 E-Mail: info@gag-ludwigshafen.de"
0013x00002PmBLpAAN,"https://www.northdata.de/Fröhlich+Holding+GmbH+&+Co.+KG,+Bad+Lauterberg/Amtsgericht+Göttingen+HRA+121478","Frohlich Holding GmbH & Co. KG, Bad Lauterberg, Amtsgericht Gottingen HRA 121478: Bilanzsumme, Gewinn, Umsatz, Netzwerk, Wirtschaftsinfos. ... Welche Eingaben im Feld Ort moglich sind, erklart der Hilfe-Center-Artikel zum Thema Geographische Filter. Umkreis ..."
0013x00002PmBLpAAN,https://firmeneintrag.creditreform.de/37431/2110012155/FROEHLICH_HOLDING_GMBH_CO_KG,"Frohlich Holding GmbH & Co. KG, Bad Lauterberg | Handelsregister: Gottingen, HRA 121478 | Firmenauskunft | Branche: Erbringung von anderen wirtschaftlichen Dienstleistungen fur Unternehmen und Privatpersonen a. n. g. ... Scharzfelder Str. 141. 37431 Bad Lauterberg. Deutschland. ... Frohlich Holding GmbH & Co. KG mit Sitz in Bad Lauterberg ..."
0013x00002PmBLpAAN,https://web2.cylex.de/firma-home/froehlich-holding-gmbh-_-co--kg-14769797.html,"Frohlich Holding GmbH & Co. KG Scharzfelder Str. in Bad Lauterberg im Harz,  05524 85..., Anfahrtsplan und mehr. ... Scharzfelder Str.141, 37431 Bad Lauterberg im Harz. 05524 85070 . 05524 8507819 . www.f-plast.com. Bearbeiten Sie die in diesem Feld angezeigten Informationen."
0013x00002PmBLpAAN,https://www.companyhouse.de/Froehlich-Holding-GmbH-Co-KG-Bad-Lauterberg-im-Harz,"Frohlich Holding GmbH & Co. KG in Bad Lauterberg im Harz, Gesellschafter, Management, Netzwerk, Jahresabschlusse, Bekanntmachungen - Personlich haftende Gesellschafterin: Frohlich Grundstucksverwaltung GmbH ,Amtsgericht , HRB 3973,. Die Prokura der Frau Edelgard Frohlich"
0013x00002PmBQnAAN,https://www.adk-gmbh.de/de/Standortkarte/Standort?view=publish&item=officeLocation&id=1010,"ADK GmbH fur Gesundheit und Soziales Hopfenhausstrasse 2, 89584 Ehingen; Postfach 1463, 89574 Ehingen; Telefon: 07391 586-5401, info(at)adk-gmbh.de"
0013x00002PmBQnAAN,https://www.gesundheitszentrum-ehingen.de/de/Gesundheitszentrum/Standort?id=1061,ADK GmbH fur Gesundheit und Soziales. Hopfenhausstrasse 2. 89584 Ehingen. Lageplan anzeigen. Anfahrt/Routing. Fahrplanauskunft. 07391 586-5929. 07391 586-5945. E-Mail senden / anzeigen.
0013x00002PmBQnAAN,https://www.gesundheitszentrum-ehingen.de/de/Impressum,"ADK GmbH fur Gesundheit und Soziales Hopfenhausstrasse 2 Postfach 14 63 89584 Ehingen. Vertreten durch: Geschaftsfuhrer, Markus Mord ADK GmbH fur Gesundheit und Soziales Hopfenhausstrasse 2 89584 Ehingen. Kontakt: Telefon: 07391 586-0 Telefax: 07391 54122 E-Mail: info(at)adk-gmbh.de. Registereintrag: Eintragung im Handelsregister ..."
0013x00002PmBQnAAN,https://www.adk-gmbh.de/de/Unternehmensgruppe,"ADK GmbH fur Gesundheit und Soziales Hopfenhausstrasse 2, 89584 Ehingen; Postfach 1463, 89574 Ehingen; Telefon: 07391 586-5401, info(at)adk-gmbh.de"
0013x00002PmBQnAAN,https://www.adk-gmbh.de/de/impressum,"ADK GmbH fur Gesundheit und Soziales Hopfenhausstrasse 2 Postfach 14 63 89584 Ehingen. Vertreten durch: Geschaftsfuhrer, Wolfgang Schneider ADK GmbH fur Gesundheit und Soziales Hopfenhausstrasse 2 89584 Ehingen. Kontakt: Telefon: 07391 586-0 Telefax: 07391 54122 E-Mail: info(at)adk-gmbh.de. Registereintrag: Eintragung im Handelsregister."
0013x00002Gh7DHAAZ,https://sg.mitsubishielectric.com/en/about/local/locations/sg001/index.html,"A page about Mitsubishi Electric Asia Pte Ltd, in the Locations section of Mitsubishi Electrics website. Singapore. ... Mitsubishi Electric in Singapore. Locations. ... Location. View in Map; Company Overview. Address: 307 Alexandra Road, Mitsubishi Electric Building Singapore 159943: Phone: (65) 6473 2308: Fax: (65) 6473 8944: Website: http ..."
0013x00002Gh7DHAAZ,https://sg.mitsubishielectric.com/fa/en/contact.html,"Contact. Customer Care Hotline. ... Mitsubishi Electric Asia Pte. Ltd. 307 Alexandra Road Mitsubishi Electric Building Singapore 159943 Tel: (65)6473 2308 Fax: (65)6473 8944. Location Map of Office. If you are coming by Bus: Alight before Ikea building (Bus Stop - ID 11529) 33, 120, 195, 195A."
0013x00002Gh7DHAAZ,https://www.mitsubishielectric.com.sg/get-in-touch/,Mitsubishi Electric Asia Pte Ltd. Main Office. 9:00 AM to 5:00 PM. Operating from Monday to Friday. Tel: (65) 6473 2308. Fax: (65) 6473 8944. 307 Alexandra Road. Mitsubishi Electric Building. Singapore 159943.
0013x00002Gh7DHAAZ,https://opengovsg.com/corporate/197701180K,"MITSUBISHI ELECTRIC ASIA PTE LTD (UEN ID 197701180K) is a corporate entity registered with Accounting and Corporate Regulatory Authority. The incorporation date is June 3, 1977. The entity status is Live Company. The address is 307 Alexandra Road, #05-01, Mitsubishi Electric Building, Singapore 159943."
0013x00002Gh7DHAAZ,https://www.linkedin.com/company/mitsubishielectricsg,"Our offices in Singapore include Mitsubishi Electric Asia Pte Ltd and Mitsubishi Elevator (Singapore) Pte. Ltd. ... 307 Alexandra Road, Mitsubishi Electric Building ... Singapore, Singapore 159943 ..."
